<?xml version="1.0" encoding="UTF-8"?>
<beans xmlns="http://www.springframework.org/schema/beans"
        xmlns:xsi="http://www.w3.org/2001/XMLSchema-instance"
        xmlns:aop="http://www.springframework.org/schema/aop"
        xmlns:context="http://www.springframework.org/schema/context"
        xmlns:tx="http://www.springframework.org/schema/tx" xsi:schemaLocation="
        http://www.springframework.org/schema/beans http://www.springframework.org/schema/beans/spring-beans.xsd
        http://www.springframework.org/schema/tx http://www.springframework.org/schema/tx/spring-tx.xsd
        http://www.springframework.org/schema/context http://www.springframework.org/schema/context/spring-context.xsd
        http://www.springframework.org/schema/aop http://www.springframework.org/schema/aop/spring-aop.xsd">
  
  <context:property-placeholder location="classpath:jdbc.properties"/>
  <!-- C3P0数据源 --> 
  <bean id="dataSource" class="com.mchange.v2.c3p0.ComboPooledDataSource">
      <property name="driverClass" value="${driverClass}"></property>
      <property name="jdbcUrl" value="${jdbcUrl}"></property>
      <property name="user" value="${user}"></property>
      <property name="password" value="${password}"></property>
  </bean>
  
  
  <!-- Spring与hibernate整合的关键点 --> 
  <bean id="sessionFactory" class="org.springframework.orm.hibernate5.LocalSessionFactoryBean">
      <property name="dataSource" ref="dataSource"></property>
      <property name="configLocations" value="classpath:hibernate.cfg.xml"></property>
  </bean> 
  
  <!--   DAO配置-->
	<bean id="jdbcTemplate" class="org.springframework.jdbc.core.JdbcTemplate">
		<property name="dataSource" ref="dataSource"></property>
	</bean>
	<bean id="sqlDao" class="com.gyhqq.export.common.common.springdao.SqlDao">
		<property name="jdbcTemplate" ref="jdbcTemplate"></property>
	</bean>
	
	
	<bean id="baseDao" class="com.gyhqq.export.dao.impl.BaseDaoImpl">
		<property name="sessionFactory" ref="sessionFactory"></property>
	</bean>   
  
  <!-- Hibernate事务管理器的配置 -->
  <bean id="transactionManager" class="org.springframework.orm.hibernate5.HibernateTransactionManager">
      <property name="sessionFactory" ref="sessionFactory"></property>
  </bean>
  
  
  <!-- HibernateTemplate模板 -->
  <bean id="hibernateTemplate" class="org.springframework.orm.hibernate5.HibernateTemplate">
      <property name="sessionFactory" ref="sessionFactory"></property>
  </bean>
  
  <!-- 声明式事务之XML配置 -->
  <!-- 事务通知 -->
  <tx:advice id="txAdvice" transaction-manager="transactionManager">
     <tx:attributes>
         <tx:method name="save*" propagation="REQUIRED"/>
         <tx:method name="update*" propagation="REQUIRED"/>
         <tx:method name="delete*" propagation="REQUIRED"/>
         <tx:method name="find*" read-only="true"/>
         <tx:method name="*" propagation="REQUIRED"/>
     </tx:attributes>
  </tx:advice>

  <aop:config>
      <aop:pointcut expression="execution(* com.gyhqq.export.service.*.*(..))" id="myPointCut"/>
      <aop:advisor advice-ref="txAdvice" pointcut-ref="myPointCut"/>
  </aop:config>

  <import resource="classpath:spring/applicationContext-service.xml"/>
  <import resource="classpath:spring/applicationContext-action.xml"/>
  <import resource="classpath:spring/applicationContext-ws.xml"/>
</beans>