<?xml version="1.0" encoding="UTF-8"?>
<!DOCTYPE hibernate-configuration PUBLIC
	"-//Hibernate/Hibernate Configuration DTD 3.0//EN"
	"http://www.hibernate.org/dtd/hibernate-configuration-3.0.dtd">
<hibernate-configuration>
   <session-factory>
        <!-- 方言 -->
        <property name="hibernate.dialect">org.hibernate.dialect.MySQLDialect</property>
	    <!-- 自动建表 -->
	    <property name="hibernate.hbm2ddl.auto">none</property>
        <!-- 显示出sql在控制台 -->
        <property name="hibernate.show_sql">true</property>
        <!-- 格式化sql在控制台  可以换行 -->
        <property name="hibernate.format_sql">true</property>
        
        <!-- 指定与本地线程绑定 -->
        <property name="hibernate.current_session_context_class">org.springframework.orm.hibernate5.SpringSessionContext</property>

        <!-- 加入映射文件 -->
        <mapping resource="com/gyhqq/export/domain/Export.hbm.xml"/>
        <mapping resource="com/gyhqq/export/domain/ExportProduct.hbm.xml"/>
   </session-factory>
</hibernate-configuration>