<?xml version="1.0" encoding="UTF-8"?>
<!DOCTYPE mapper PUBLIC "-//mybatis.org//DTD Mapper 3.0//EN" "http://mybatis.org/dtd/mybatis-3-mapper.dtd">
<mapper namespace="com.gyhqq.dao.system.ChatDao">
  <resultMap id="BaseResultMap" type="com.gyhqq.domain.system.Chat">
    <!--
      WARNING - @mbg.generated
      This element is automatically generated by MyBatis Generator, do not modify.
    -->
    <id column="chat_id" jdbcType="VARCHAR" property="chatId" />
    <result column="send_id" jdbcType="VARCHAR" property="sendId" />
    <result column="receive_id" jdbcType="VARCHAR" property="receiveId" />
    <result column="content" jdbcType="VARCHAR" property="content" />
    <result column="send_time" jdbcType="DATE" property="sendTime" />
    <result column="company_id" jdbcType="VARCHAR" property="companyId" />
    <result column="company_name" jdbcType="VARCHAR" property="companyName" />
    <result column="subject" jdbcType="VARCHAR" property="subject" />
    <result column="send_name" jdbcType="VARCHAR" property="sendName" />
    <result column="receive_name" jdbcType="VARCHAR" property="receiveName" />
    <result column="send_dept" jdbcType="VARCHAR" property="sendDept" />
    <result column="receive_dept" jdbcType="VARCHAR" property="receiveDept" />
    <result column="state" jdbcType="INTEGER" property="state" />
  </resultMap>
  <sql id="Example_Where_Clause">
    <!--
      WARNING - @mbg.generated
      This element is automatically generated by MyBatis Generator, do not modify.
    -->
    <where>
      <foreach collection="oredCriteria" item="criteria" separator="or">
        <if test="criteria.valid">
          <trim prefix="(" prefixOverrides="and" suffix=")">
            <foreach collection="criteria.criteria" item="criterion">
              <choose>
                <when test="criterion.noValue">
                  and ${criterion.condition}
                </when>
                <when test="criterion.singleValue">
                  and ${criterion.condition} #{criterion.value}
                </when>
                <when test="criterion.betweenValue">
                  and ${criterion.condition} #{criterion.value} and #{criterion.secondValue}
                </when>
                <when test="criterion.listValue">
                  and ${criterion.condition}
                  <foreach close=")" collection="criterion.value" item="listItem" open="(" separator=",">
                    #{listItem}
                  </foreach>
                </when>
              </choose>
            </foreach>
          </trim>
        </if>
      </foreach>
    </where>
  </sql>
  <sql id="Base_Column_List">
    <!--
      WARNING - @mbg.generated
      This element is automatically generated by MyBatis Generator, do not modify.
    -->
    chat_id, send_id, receive_id, content, send_time, company_id, company_name, subject, 
    send_name, receive_name, send_dept, receive_dept, state
  </sql>
  <select id="selectByExample" parameterType="com.gyhqq.domain.system.ChatExample" resultMap="BaseResultMap">
    <!--
      WARNING - @mbg.generated
      This element is automatically generated by MyBatis Generator, do not modify.
    -->
    select
    <if test="distinct">
      distinct
    </if>
    <include refid="Base_Column_List" />
    from pe_chat
    <if test="_parameter != null">
      <include refid="Example_Where_Clause" />
    </if>
    <if test="orderByClause != null">
      order by ${orderByClause}
    </if>
  </select>
  <select id="selectByPrimaryKey" parameterType="java.lang.String" resultMap="BaseResultMap">
    <!--
      WARNING - @mbg.generated
      This element is automatically generated by MyBatis Generator, do not modify.
    -->
    select 
    <include refid="Base_Column_List" />
    from pe_chat
    where chat_id = #{chatId,jdbcType=VARCHAR}
  </select>
  <delete id="deleteByPrimaryKey" parameterType="java.lang.String">
    <!--
      WARNING - @mbg.generated
      This element is automatically generated by MyBatis Generator, do not modify.
    -->
    delete from pe_chat
    where chat_id = #{chatId,jdbcType=VARCHAR}
  </delete>
  <insert id="insert" parameterType="com.gyhqq.domain.system.Chat">
    <!--
      WARNING - @mbg.generated
      This element is automatically generated by MyBatis Generator, do not modify.
    -->
    insert into pe_chat (chat_id, send_id, receive_id, 
      content, send_time, company_id, 
      company_name, subject, send_name, 
      receive_name, send_dept, receive_dept, 
      state)
    values (#{chatId,jdbcType=VARCHAR}, #{sendId,jdbcType=VARCHAR}, #{receiveId,jdbcType=VARCHAR}, 
      #{content,jdbcType=VARCHAR}, #{sendTime,jdbcType=DATE}, #{companyId,jdbcType=VARCHAR}, 
      #{companyName,jdbcType=VARCHAR}, #{subject,jdbcType=VARCHAR}, #{sendName,jdbcType=VARCHAR}, 
      #{receiveName,jdbcType=VARCHAR}, #{sendDept,jdbcType=VARCHAR}, #{receiveDept,jdbcType=VARCHAR}, 
      #{state,jdbcType=INTEGER})
  </insert>
  <insert id="insertSelective" parameterType="com.gyhqq.domain.system.Chat">
    <!--
      WARNING - @mbg.generated
      This element is automatically generated by MyBatis Generator, do not modify.
    -->
    insert into pe_chat
    <trim prefix="(" suffix=")" suffixOverrides=",">
      <if test="chatId != null">
        chat_id,
      </if>
      <if test="sendId != null">
        send_id,
      </if>
      <if test="receiveId != null">
        receive_id,
      </if>
      <if test="content != null">
        content,
      </if>
      <if test="sendTime != null">
        send_time,
      </if>
      <if test="companyId != null">
        company_id,
      </if>
      <if test="companyName != null">
        company_name,
      </if>
      <if test="subject != null">
        subject,
      </if>
      <if test="sendName != null">
        send_name,
      </if>
      <if test="receiveName != null">
        receive_name,
      </if>
      <if test="sendDept != null">
        send_dept,
      </if>
      <if test="receiveDept != null">
        receive_dept,
      </if>
      <if test="state != null">
        state,
      </if>
    </trim>
    <trim prefix="values (" suffix=")" suffixOverrides=",">
      <if test="chatId != null">
        #{chatId,jdbcType=VARCHAR},
      </if>
      <if test="sendId != null">
        #{sendId,jdbcType=VARCHAR},
      </if>
      <if test="receiveId != null">
        #{receiveId,jdbcType=VARCHAR},
      </if>
      <if test="content != null">
        #{content,jdbcType=VARCHAR},
      </if>
      <if test="sendTime != null">
        #{sendTime,jdbcType=DATE},
      </if>
      <if test="companyId != null">
        #{companyId,jdbcType=VARCHAR},
      </if>
      <if test="companyName != null">
        #{companyName,jdbcType=VARCHAR},
      </if>
      <if test="subject != null">
        #{subject,jdbcType=VARCHAR},
      </if>
      <if test="sendName != null">
        #{sendName,jdbcType=VARCHAR},
      </if>
      <if test="receiveName != null">
        #{receiveName,jdbcType=VARCHAR},
      </if>
      <if test="sendDept != null">
        #{sendDept,jdbcType=VARCHAR},
      </if>
      <if test="receiveDept != null">
        #{receiveDept,jdbcType=VARCHAR},
      </if>
      <if test="state != null">
        #{state,jdbcType=INTEGER},
      </if>
    </trim>
  </insert>
  <update id="updateByPrimaryKeySelective" parameterType="com.gyhqq.domain.system.Chat">
    <!--
      WARNING - @mbg.generated
      This element is automatically generated by MyBatis Generator, do not modify.
    -->
    update pe_chat
    <set>
      <if test="sendId != null">
        send_id = #{sendId,jdbcType=VARCHAR},
      </if>
      <if test="receiveId != null">
        receive_id = #{receiveId,jdbcType=VARCHAR},
      </if>
      <if test="content != null">
        content = #{content,jdbcType=VARCHAR},
      </if>
      <if test="sendTime != null">
        send_time = #{sendTime,jdbcType=DATE},
      </if>
      <if test="companyId != null">
        company_id = #{companyId,jdbcType=VARCHAR},
      </if>
      <if test="companyName != null">
        company_name = #{companyName,jdbcType=VARCHAR},
      </if>
      <if test="subject != null">
        subject = #{subject,jdbcType=VARCHAR},
      </if>
      <if test="sendName != null">
        send_name = #{sendName,jdbcType=VARCHAR},
      </if>
      <if test="receiveName != null">
        receive_name = #{receiveName,jdbcType=VARCHAR},
      </if>
      <if test="sendDept != null">
        send_dept = #{sendDept,jdbcType=VARCHAR},
      </if>
      <if test="receiveDept != null">
        receive_dept = #{receiveDept,jdbcType=VARCHAR},
      </if>
      <if test="state != null">
        state = #{state,jdbcType=INTEGER},
      </if>
    </set>
    where chat_id = #{chatId,jdbcType=VARCHAR}
  </update>
  <update id="updateByPrimaryKey" parameterType="com.gyhqq.domain.system.Chat">
    <!--
      WARNING - @mbg.generated
      This element is automatically generated by MyBatis Generator, do not modify.
    -->
    update pe_chat
    set send_id = #{sendId,jdbcType=VARCHAR},
      receive_id = #{receiveId,jdbcType=VARCHAR},
      content = #{content,jdbcType=VARCHAR},
      send_time = #{sendTime,jdbcType=DATE},
      company_id = #{companyId,jdbcType=VARCHAR},
      company_name = #{companyName,jdbcType=VARCHAR},
      subject = #{subject,jdbcType=VARCHAR},
      send_name = #{sendName,jdbcType=VARCHAR},
      receive_name = #{receiveName,jdbcType=VARCHAR},
      send_dept = #{sendDept,jdbcType=VARCHAR},
      receive_dept = #{receiveDept,jdbcType=VARCHAR},
      state = #{state,jdbcType=INTEGER}
    where chat_id = #{chatId,jdbcType=VARCHAR}
  </update>
</mapper>