<?xml version="1.0" encoding="UTF-8"?>
<!DOCTYPE mapper PUBLIC "-//mybatis.org//DTD Mapper 3.0//EN" "http://mybatis.org/dtd/mybatis-3-mapper.dtd">
<mapper namespace="com.gyhqq.dao.system.FeedbackDao">
  <resultMap id="BaseResultMap" type="com.gyhqq.domain.system.Feedback">
    <!--
      WARNING - @mbg.generated
      This element is automatically generated by MyBatis Generator, do not modify.
    -->
    <id column="FEEDBACK_ID" jdbcType="VARCHAR" property="feedbackId" />
    <result column="INPUT_BY" jdbcType="VARCHAR" property="inputBy" />
    <result column="INPUT_TIME" jdbcType="TIMESTAMP" property="inputTime" />
    <result column="TITLE" jdbcType="VARCHAR" property="title" />
    <result column="CONTENT" jdbcType="VARCHAR" property="content" />
    <result column="CLASS_TYPE" jdbcType="VARCHAR" property="classType" />
    <result column="TEL" jdbcType="VARCHAR" property="tel" />
    <result column="ANSWER_BY" jdbcType="VARCHAR" property="answerBy" />
    <result column="ANSWER_TIME" jdbcType="TIMESTAMP" property="answerTime" />
    <result column="SOLVE_METHOD" jdbcType="VARCHAR" property="solveMethod" />
    <result column="RESOLUTION" jdbcType="VARCHAR" property="resolution" />
    <result column="DIFFICULTY" jdbcType="VARCHAR" property="difficulty" />
    <result column="IS_SHARE" jdbcType="VARCHAR" property="isShare" />
    <result column="STATE" jdbcType="VARCHAR" property="state" />
    <result column="CREATE_BY" jdbcType="VARCHAR" property="createBy" />
    <result column="CREATE_DEPT" jdbcType="VARCHAR" property="createDept" />
    <result column="CREATE_TIME" jdbcType="TIMESTAMP" property="createTime" />
    <result column="COMPANY_ID" jdbcType="VARCHAR" property="companyId" />
    <result column="COMPANY_NAME" jdbcType="VARCHAR" property="companyName" />
  </resultMap>
  <sql id="Example_Where_Clause">
    <!--
      WARNING - @mbg.generated
      This element is automatically generated by MyBatis Generator, do not modify.
    -->
    <where>
      <foreach collection="oredCriteria" item="criteria" separator="or">
        <if test="criteria.valid">
          <trim prefix="(" prefixOverrides="and" suffix=")">
            <foreach collection="criteria.criteria" item="criterion">
              <choose>
                <when test="criterion.noValue">
                  and ${criterion.condition}
                </when>
                <when test="criterion.singleValue">
                  and ${criterion.condition} #{criterion.value}
                </when>
                <when test="criterion.betweenValue">
                  and ${criterion.condition} #{criterion.value} and #{criterion.secondValue}
                </when>
                <when test="criterion.listValue">
                  and ${criterion.condition}
                  <foreach close=")" collection="criterion.value" item="listItem" open="(" separator=",">
                    #{listItem}
                  </foreach>
                </when>
              </choose>
            </foreach>
          </trim>
        </if>
      </foreach>
    </where>
  </sql>
  <sql id="Base_Column_List">
    <!--
      WARNING - @mbg.generated
      This element is automatically generated by MyBatis Generator, do not modify.
    -->
    FEEDBACK_ID, INPUT_BY, INPUT_TIME, TITLE, CONTENT, CLASS_TYPE, TEL, ANSWER_BY, ANSWER_TIME, 
    SOLVE_METHOD, RESOLUTION, DIFFICULTY, IS_SHARE, STATE, CREATE_BY, CREATE_DEPT, CREATE_TIME, 
    COMPANY_ID, COMPANY_NAME
  </sql>
  <select id="selectByExample" parameterType="com.gyhqq.domain.system.FeedbackExample" resultMap="BaseResultMap">
    <!--
      WARNING - @mbg.generated
      This element is automatically generated by MyBatis Generator, do not modify.
    -->
    select
    <if test="distinct">
      distinct
    </if>
    <include refid="Base_Column_List" />
    from pe_feedback
    <if test="_parameter != null">
      <include refid="Example_Where_Clause" />
    </if>
    <if test="orderByClause != null">
      order by ${orderByClause}
    </if>
  </select>
  <select id="selectByPrimaryKey" parameterType="java.lang.String" resultMap="BaseResultMap">
    <!--
      WARNING - @mbg.generated
      This element is automatically generated by MyBatis Generator, do not modify.
    -->
    select 
    <include refid="Base_Column_List" />
    from pe_feedback
    where FEEDBACK_ID = #{feedbackId,jdbcType=VARCHAR}
  </select>
  <delete id="deleteByPrimaryKey" parameterType="java.lang.String">
    <!--
      WARNING - @mbg.generated
      This element is automatically generated by MyBatis Generator, do not modify.
    -->
    delete from pe_feedback
    where FEEDBACK_ID = #{feedbackId,jdbcType=VARCHAR}
  </delete>
  <insert id="insert" parameterType="com.gyhqq.domain.system.Feedback">
    <!--
      WARNING - @mbg.generated
      This element is automatically generated by MyBatis Generator, do not modify.
    -->
    insert into pe_feedback (FEEDBACK_ID, INPUT_BY, INPUT_TIME, 
      TITLE, CONTENT, CLASS_TYPE, 
      TEL, ANSWER_BY, ANSWER_TIME, 
      SOLVE_METHOD, RESOLUTION, DIFFICULTY, 
      IS_SHARE, STATE, CREATE_BY, 
      CREATE_DEPT, CREATE_TIME, COMPANY_ID, 
      COMPANY_NAME)
    values (#{feedbackId,jdbcType=VARCHAR}, #{inputBy,jdbcType=VARCHAR}, #{inputTime,jdbcType=TIMESTAMP}, 
      #{title,jdbcType=VARCHAR}, #{content,jdbcType=VARCHAR}, #{classType,jdbcType=VARCHAR}, 
      #{tel,jdbcType=VARCHAR}, #{answerBy,jdbcType=VARCHAR}, #{answerTime,jdbcType=TIMESTAMP}, 
      #{solveMethod,jdbcType=VARCHAR}, #{resolution,jdbcType=VARCHAR}, #{difficulty,jdbcType=VARCHAR}, 
      #{isShare,jdbcType=VARCHAR}, #{state,jdbcType=VARCHAR}, #{createBy,jdbcType=VARCHAR}, 
      #{createDept,jdbcType=VARCHAR}, #{createTime,jdbcType=TIMESTAMP}, #{companyId,jdbcType=VARCHAR}, 
      #{companyName,jdbcType=VARCHAR})
  </insert>
  <insert id="insertSelective" parameterType="com.gyhqq.domain.system.Feedback">
    <!--
      WARNING - @mbg.generated
      This element is automatically generated by MyBatis Generator, do not modify.
    -->
    insert into pe_feedback
    <trim prefix="(" suffix=")" suffixOverrides=",">
      <if test="feedbackId != null">
        FEEDBACK_ID,
      </if>
      <if test="inputBy != null">
        INPUT_BY,
      </if>
      <if test="inputTime != null">
        INPUT_TIME,
      </if>
      <if test="title != null">
        TITLE,
      </if>
      <if test="content != null">
        CONTENT,
      </if>
      <if test="classType != null">
        CLASS_TYPE,
      </if>
      <if test="tel != null">
        TEL,
      </if>
      <if test="answerBy != null">
        ANSWER_BY,
      </if>
      <if test="answerTime != null">
        ANSWER_TIME,
      </if>
      <if test="solveMethod != null">
        SOLVE_METHOD,
      </if>
      <if test="resolution != null">
        RESOLUTION,
      </if>
      <if test="difficulty != null">
        DIFFICULTY,
      </if>
      <if test="isShare != null">
        IS_SHARE,
      </if>
      <if test="state != null">
        STATE,
      </if>
      <if test="createBy != null">
        CREATE_BY,
      </if>
      <if test="createDept != null">
        CREATE_DEPT,
      </if>
      <if test="createTime != null">
        CREATE_TIME,
      </if>
      <if test="companyId != null">
        COMPANY_ID,
      </if>
      <if test="companyName != null">
        COMPANY_NAME,
      </if>
    </trim>
    <trim prefix="values (" suffix=")" suffixOverrides=",">
      <if test="feedbackId != null">
        #{feedbackId,jdbcType=VARCHAR},
      </if>
      <if test="inputBy != null">
        #{inputBy,jdbcType=VARCHAR},
      </if>
      <if test="inputTime != null">
        #{inputTime,jdbcType=TIMESTAMP},
      </if>
      <if test="title != null">
        #{title,jdbcType=VARCHAR},
      </if>
      <if test="content != null">
        #{content,jdbcType=VARCHAR},
      </if>
      <if test="classType != null">
        #{classType,jdbcType=VARCHAR},
      </if>
      <if test="tel != null">
        #{tel,jdbcType=VARCHAR},
      </if>
      <if test="answerBy != null">
        #{answerBy,jdbcType=VARCHAR},
      </if>
      <if test="answerTime != null">
        #{answerTime,jdbcType=TIMESTAMP},
      </if>
      <if test="solveMethod != null">
        #{solveMethod,jdbcType=VARCHAR},
      </if>
      <if test="resolution != null">
        #{resolution,jdbcType=VARCHAR},
      </if>
      <if test="difficulty != null">
        #{difficulty,jdbcType=VARCHAR},
      </if>
      <if test="isShare != null">
        #{isShare,jdbcType=VARCHAR},
      </if>
      <if test="state != null">
        #{state,jdbcType=VARCHAR},
      </if>
      <if test="createBy != null">
        #{createBy,jdbcType=VARCHAR},
      </if>
      <if test="createDept != null">
        #{createDept,jdbcType=VARCHAR},
      </if>
      <if test="createTime != null">
        #{createTime,jdbcType=TIMESTAMP},
      </if>
      <if test="companyId != null">
        #{companyId,jdbcType=VARCHAR},
      </if>
      <if test="companyName != null">
        #{companyName,jdbcType=VARCHAR},
      </if>
    </trim>
  </insert>
  <update id="updateByPrimaryKeySelective" parameterType="com.gyhqq.domain.system.Feedback">
    <!--
      WARNING - @mbg.generated
      This element is automatically generated by MyBatis Generator, do not modify.
    -->
    update pe_feedback
    <set>
      <if test="inputBy != null">
        INPUT_BY = #{inputBy,jdbcType=VARCHAR},
      </if>
      <if test="inputTime != null">
        INPUT_TIME = #{inputTime,jdbcType=TIMESTAMP},
      </if>
      <if test="title != null">
        TITLE = #{title,jdbcType=VARCHAR},
      </if>
      <if test="content != null">
        CONTENT = #{content,jdbcType=VARCHAR},
      </if>
      <if test="classType != null">
        CLASS_TYPE = #{classType,jdbcType=VARCHAR},
      </if>
      <if test="tel != null">
        TEL = #{tel,jdbcType=VARCHAR},
      </if>
      <if test="answerBy != null">
        ANSWER_BY = #{answerBy,jdbcType=VARCHAR},
      </if>
      <if test="answerTime != null">
        ANSWER_TIME = #{answerTime,jdbcType=TIMESTAMP},
      </if>
      <if test="solveMethod != null">
        SOLVE_METHOD = #{solveMethod,jdbcType=VARCHAR},
      </if>
      <if test="resolution != null">
        RESOLUTION = #{resolution,jdbcType=VARCHAR},
      </if>
      <if test="difficulty != null">
        DIFFICULTY = #{difficulty,jdbcType=VARCHAR},
      </if>
      <if test="isShare != null">
        IS_SHARE = #{isShare,jdbcType=VARCHAR},
      </if>
      <if test="state != null">
        STATE = #{state,jdbcType=VARCHAR},
      </if>
      <if test="createBy != null">
        CREATE_BY = #{createBy,jdbcType=VARCHAR},
      </if>
      <if test="createDept != null">
        CREATE_DEPT = #{createDept,jdbcType=VARCHAR},
      </if>
      <if test="createTime != null">
        CREATE_TIME = #{createTime,jdbcType=TIMESTAMP},
      </if>
      <if test="companyId != null">
        COMPANY_ID = #{companyId,jdbcType=VARCHAR},
      </if>
      <if test="companyName != null">
        COMPANY_NAME = #{companyName,jdbcType=VARCHAR},
      </if>
    </set>
    where FEEDBACK_ID = #{feedbackId,jdbcType=VARCHAR}
  </update>
  <update id="updateByPrimaryKey" parameterType="com.gyhqq.domain.system.Feedback">
    <!--
      WARNING - @mbg.generated
      This element is automatically generated by MyBatis Generator, do not modify.
    -->
    update pe_feedback
    set INPUT_BY = #{inputBy,jdbcType=VARCHAR},
      INPUT_TIME = #{inputTime,jdbcType=TIMESTAMP},
      TITLE = #{title,jdbcType=VARCHAR},
      CONTENT = #{content,jdbcType=VARCHAR},
      CLASS_TYPE = #{classType,jdbcType=VARCHAR},
      TEL = #{tel,jdbcType=VARCHAR},
      ANSWER_BY = #{answerBy,jdbcType=VARCHAR},
      ANSWER_TIME = #{answerTime,jdbcType=TIMESTAMP},
      SOLVE_METHOD = #{solveMethod,jdbcType=VARCHAR},
      RESOLUTION = #{resolution,jdbcType=VARCHAR},
      DIFFICULTY = #{difficulty,jdbcType=VARCHAR},
      IS_SHARE = #{isShare,jdbcType=VARCHAR},
      STATE = #{state,jdbcType=VARCHAR},
      CREATE_BY = #{createBy,jdbcType=VARCHAR},
      CREATE_DEPT = #{createDept,jdbcType=VARCHAR},
      CREATE_TIME = #{createTime,jdbcType=TIMESTAMP},
      COMPANY_ID = #{companyId,jdbcType=VARCHAR},
      COMPANY_NAME = #{companyName,jdbcType=VARCHAR}
    where FEEDBACK_ID = #{feedbackId,jdbcType=VARCHAR}
  </update>
</mapper>