<?xml version="1.0" encoding="UTF-8"?>
<!DOCTYPE mapper PUBLIC "-//mybatis.org//DTD Mapper 3.0//EN" "http://mybatis.org/dtd/mybatis-3-mapper.dtd">
<mapper namespace="com.gyhqq.dao.system.SysLogDao">

    <resultMap id="BaseResultMap" type="com.gyhqq.domain.system.SysLog">
        <id column="id" property="id" />
        <result column="user_name" property="userName" />
        <result column="ip" property="ip" />
        <result column="time" property="time" />
        <result column="method" property="method" />
        <result column="action" property="action" />
        <result column="company_id" property="companyId" />
        <result column="company_name" property="companyName" />
    </resultMap>

    <!--查询全部-->
    <select id="findAll" parameterType="string" resultMap="BaseResultMap">
        select * from st_sys_log where company_id=#{companyId} order by time desc
    </select>

    <!--添加-->
    <insert id="save" parameterType="com.gyhqq.domain.system.SysLog">
        insert into st_sys_log (id, user_name, ip, time, method, action,company_id,company_name
          )
        values (#{id}, #{userName}, #{ip}, #{time}, #{method},#{action},#{companyId},#{companyName}
          )
    </insert>
</mapper>