<?xml version="1.0" encoding="UTF-8"?>
<beans xmlns="http://www.springframework.org/schema/beans"
       xmlns:xsi="http://www.w3.org/2001/XMLSchema-instance" xmlns:aop="http://www.springframework.org/schema/aop"
       xmlns:context="http://www.springframework.org/schema/context"
       xmlns:jdbc="http://www.springframework.org/schema/jdbc" xmlns:tx="http://www.springframework.org/schema/tx"
       xmlns:task="http://www.springframework.org/schema/task"
       xsi:schemaLocation="
		http://www.springframework.org/schema/beans http://www.springframework.org/schema/beans/spring-beans.xsd
		http://www.springframework.org/schema/aop http://www.springframework.org/schema/aop/spring-aop.xsd
		http://www.springframework.org/schema/context http://www.springframework.org/schema/context/spring-context.xsd
		http://www.springframework.org/schema/jdbc http://www.springframework.org/schema/jdbc/spring-jdbc.xsd
		http://www.springframework.org/schema/tx http://www.springframework.org/schema/tx/spring-tx.xsd">

    <description>Shiro与Spring整合</description>


    <bean id="securityManager" class="org.apache.shiro.web.mgt.DefaultWebSecurityManager">
        <property name="realm" ref="authRealm"/><!-- 引用自定义的realm -->
        <property name="cacheManager" ref="cacheManager"/>
    </bean>
    <!--shiro内置的缓存管理器-->
    <bean id="cacheManager" class="org.apache.shiro.cache.MemoryConstrainedCacheManager"/>
    <!--ehcache缓存管理器:是基于文件的缓存管理器-->
    <!--<bean id="cacheManager" class="org.apache.shiro.cache.ehcache.EhCacheManager">
        <property name="cacheManagerConfigFile" value="classpath:/ehcache-shiro.xml"/>
    </bean>-->

    <!--redis缓存管理-->
    <!--<bean id="cacheManager" class="org.crazycake.shiro.RedisCacheManager">
        <property name="redisManager" ref="redisManager"/>
    </bean>
    <bean id="redisManager" class="org.crazycake.shiro.RedisManager">
        <property name="host" value="127.0.0.1:6379" />
    </bean>-->



    <!-- 自定义Realm域的编写 -->
    <bean id="authRealm" class="com.gyhqq.web.shiro.AuthRealm">
        <!-- 注入自定义的密码比较器 -->
        <property name="credentialsMatcher" ref="customerCredentialsMatcher" ></property>
    </bean>

    <!-- 自定义的密码比较器 -->
    <bean id="customerCredentialsMatcher" class="com.gyhqq.web.shiro.CustomCredentialsMatcher"></bean>

    <!-- filter-name这个名字的值来自于web.xml中filter的名字 -->
    <bean id="shiroFilter" class="org.apache.shiro.spring.web.ShiroFilterFactoryBean">
        <property name="securityManager" ref="securityManager"/>
        <!--登录页面  -->
        <property name="loginUrl" value="/login.jsp"></property>
        <!-- 登录失败后 -->
        <property name="unauthorizedUrl" value="/unauthorized.jsp"></property>

        <property name="filterChainDefinitions">
            <!-- /**代表下面的多级目录也过滤 -->
            <value>
                /company/** = perms["企业管理"]
                /system/module/* = perms["模块管理"]
                /system/dept/*=perms["部门管理"]
                /system/role/*=perms["角色管理"]
                /system/user/*=perms["用户管理"]
                /system/log/*=perms["日志管理"]

                /cargo/**=perms["货运管理"]

                /stat/**=perms["统计分析"]

                /weiXinLogin* = anon
                /weiXinLogin.jsp* = anon
                /firstLogin* = anon
                /index.jsp* = anon
                /login.jsp* = anon
                /login* = anon
                /logout* = anon
                /css/** = anon
                /img/** = anon
                /plugins/** = anon
                /make/** = anon
                /** = authc
                /*.* = authc
            </value>
        </property>
    </bean>

    <!-- 保证实现了Shiro内部lifecycle函数的bean执行 -->
    <bean id="lifecycleBeanPostProcessor" class="org.apache.shiro.spring.LifecycleBeanPostProcessor"/>

    <!-- 生成代理，通过代理进行控制 -->
    <bean class="org.springframework.aop.framework.autoproxy.DefaultAdvisorAutoProxyCreator"
          depends-on="lifecycleBeanPostProcessor">
        <property name="proxyTargetClass" value="true"/>
    </bean>

    <!-- 安全管理器 -->
    <bean class="org.apache.shiro.spring.security.interceptor.AuthorizationAttributeSourceAdvisor">
        <property name="securityManager" ref="securityManager"/>
    </bean>

    <aop:aspectj-autoproxy proxy-target-class="true"/>



</beans>