<?xml version="1.0" encoding="UTF-8"?>
<beans xmlns="http://www.springframework.org/schema/beans"
        xmlns:xsi="http://www.w3.org/2001/XMLSchema-instance"
        xmlns:context="http://www.springframework.org/schema/context"
        xmlns:aop="http://www.springframework.org/schema/aop"
        xmlns:tx="http://www.springframework.org/schema/tx"
        xmlns:mvc="http://www.springframework.org/schema/mvc"
        xsi:schemaLocation="http://www.springframework.org/schema/beans
			    http://www.springframework.org/schema/beans/spring-beans.xsd
			    http://www.springframework.org/schema/context
			    http://www.springframework.org/schema/context/spring-context.xsd
			    http://www.springframework.org/schema/aop
			    http://www.springframework.org/schema/aop/spring-aop.xsd
			    http://www.springframework.org/schema/tx
			    http://www.springframework.org/schema/tx/spring-tx.xsd
			    http://www.springframework.org/schema/mvc
			    http://www.springframework.org/schema/mvc/spring-mvc.xsd">

    <!--1.注解用包扫描-->
    <context:component-scan base-package="com.gyhqq.service"/>

    <!--事务-->
    <!--1.事务管理器-->
    <bean id="transactionManager" class="org.springframework.jdbc.datasource.DataSourceTransactionManager">
        <property name="dataSource" ref="dataSource"/>
    </bean>
    <!--2.事务通知-->
    <tx:advice id="txAdvice" transaction-manager="transactionManager">
        <tx:attributes>
            <!--每个方法对事务的要求-->
            <tx:method name="find*" read-only="true" propagation="SUPPORTS"/>
            <!--<tx:method name="save*" read-only="false" propagation="REQUIRED"/>
            <tx:method name="update*"/>
            <tx:method name="delete*"/>-->
            <tx:method name="*"/>
        </tx:attributes>
    </tx:advice>
    <!--3.事务的AOP:配置切面-->
    <aop:config>
        <!--切入点-->
        <aop:pointcut id="pt" expression="execution(* com.gyhqq.service.*.impl.*(..))"/>
        <!--事务通知和切入点的关系-->
        <aop:advisor advice-ref="txAdvice" pointcut-ref="pt"/>
    </aop:config>

</beans>