<?xml version="1.0" encoding="UTF-8"?>
<beans xmlns="http://www.springframework.org/schema/beans"
	xmlns:xsi="http://www.w3.org/2001/XMLSchema-instance" xmlns:aop="http://www.springframework.org/schema/aop"
	xmlns:context="http://www.springframework.org/schema/context"
	xmlns:tx="http://www.springframework.org/schema/tx"
	xmlns:task="http://www.springframework.org/schema/task"
	xmlns:amq="http://activemq.apache.org/schema/core"
	xmlns:jms="http://www.springframework.org/schema/jms"
	xsi:schemaLocation="
		http://www.springframework.org/schema/beans http://www.springframework.org/schema/beans/spring-beans.xsd
		http://www.springframework.org/schema/aop http://www.springframework.org/schema/aop/spring-aop.xsd
		http://www.springframework.org/schema/context http://www.springframework.org/schema/context/spring-context.xsd
		http://www.springframework.org/schema/tx http://www.springframework.org/schema/tx/spring-tx.xsd
		http://www.springframework.org/schema/jms
        http://www.springframework.org/schema/jms/spring-jms.xsd
		http://activemq.apache.org/schema/core
        http://activemq.apache.org/schema/core/activemq-core.xsd">

    <!-- 真正可以产生Connection的ConnectionFactory，由对应的 JMS服务厂商提供-->
    <bean id="targetConnectionFactory" class="org.apache.activemq.ActiveMQConnectionFactory">
        <property name="brokerURL" value="tcp://192.168.72.123:61616"/>
    </bean>
    <!-- Spring用于管理真正的ConnectionFactory的ConnectionFactory -->
    <bean id="connectionFactory" class="org.springframework.jms.connection.SingleConnectionFactory">
        <!-- 目标ConnectionFactory对应真实的可以产生JMS Connection的ConnectionFactory -->
        <property name="targetConnectionFactory" ref="targetConnectionFactory"/>
    </bean>

    <!--监听器交给spring容器管理-->
    <bean id="textMessageLinstener" class="com.gyhqq.linstener.MyMessageLinstener"></bean>

    <!--配置监听器容器
            destination-type : 当前监听器容器中的所有监听器能够处理的消息类型
                    queue,topic
        -->
    <jms:listener-container connection-factory="connectionFactory" destination-type="queue">
        <jms:listener destination="email" ref="textMessageLinstener"></jms:listener>
    </jms:listener-container>


</beans>