<?xml version="1.0" encoding="UTF-8"?>
<beans xmlns="http://www.springframework.org/schema/beans"
        xmlns:xsi="http://www.w3.org/2001/XMLSchema-instance"
        xmlns:context="http://www.springframework.org/schema/context"
        xmlns:aop="http://www.springframework.org/schema/aop"
        xmlns:tx="http://www.springframework.org/schema/tx"
        xmlns:mvc="http://www.springframework.org/schema/mvc"
        xsi:schemaLocation="http://www.springframework.org/schema/beans
			    http://www.springframework.org/schema/beans/spring-beans.xsd
			    http://www.springframework.org/schema/context
			    http://www.springframework.org/schema/context/spring-context.xsd
			    http://www.springframework.org/schema/aop
			    http://www.springframework.org/schema/aop/spring-aop.xsd
			    http://www.springframework.org/schema/tx
			    http://www.springframework.org/schema/tx/spring-tx.xsd
			    http://www.springframework.org/schema/mvc
			    http://www.springframework.org/schema/mvc/spring-mvc.xsd">

    <context:component-scan base-package="com.gyhqq.service"/>

    <bean id="transactionManager" class="org.springframework.jdbc.datasource.DataSourceTransactionManager">
        <property name="dataSource" ref="dataSource"/>
    </bean>
    <tx:advice id="txAdvice" >
        <tx:attributes>
            <tx:method name="find*" read-only="true"/>
            <tx:method name="*"/>
        </tx:attributes>
    </tx:advice>

    <!--配置切面-->
    <aop:config>
        <aop:pointcut id="pt" expression="execution(* com.gyhqq.service.cargo.impl.*.*(..))"/>
        <aop:advisor advice-ref="txAdvice" pointcut-ref="pt"/>
    </aop:config>

</beans>