<?xml version="1.0" encoding="UTF-8"?>
<!DOCTYPE mapper PUBLIC "-//mybatis.org//DTD Mapper 3.0//EN" "http://mybatis.org/dtd/mybatis-3-mapper.dtd">
<mapper namespace="com.gyhqq.dao.cargo.ExportProductDao">
  <resultMap id="BaseResultMap" type="com.gyhqq.domain.cargo.ExportProduct">
    <!--
      WARNING - @mbg.generated
      This element is automatically generated by MyBatis Generator, do not modify.
    -->
    <id column="id" jdbcType="VARCHAR" property="id" />
    <result column="export_id" jdbcType="VARCHAR" property="exportId" />
    <result column="factory_id" jdbcType="VARCHAR" property="factoryId" />
    <result column="product_no" jdbcType="VARCHAR" property="productNo" />
    <result column="packing_unit" jdbcType="VARCHAR" property="packingUnit" />
    <result column="cnumber" jdbcType="DECIMAL" property="cnumber" />
    <result column="box_num" jdbcType="DECIMAL" property="boxNum" />
    <result column="gross_weight" jdbcType="DECIMAL" property="grossWeight" />
    <result column="net_weight" jdbcType="DECIMAL" property="netWeight" />
    <result column="size_length" jdbcType="DECIMAL" property="sizeLength" />
    <result column="size_width" jdbcType="DECIMAL" property="sizeWidth" />
    <result column="size_height" jdbcType="DECIMAL" property="sizeHeight" />
    <result column="ex_price" jdbcType="DECIMAL" property="exPrice" />
    <result column="price" jdbcType="DECIMAL" property="price" />
    <result column="tax" jdbcType="DECIMAL" property="tax" />
    <result column="order_no" jdbcType="DECIMAL" property="orderNo" />
    <result column="company_id" jdbcType="VARCHAR" property="companyId" />
    <result column="company_name" jdbcType="VARCHAR" property="companyName" />
    <result column="factory_name" jdbcType="VARCHAR" property="factoryName" />
  </resultMap>
  <sql id="Example_Where_Clause">
    <!--
      WARNING - @mbg.generated
      This element is automatically generated by MyBatis Generator, do not modify.
    -->
    <where>
      <foreach collection="oredCriteria" item="criteria" separator="or">
        <if test="criteria.valid">
          <trim prefix="(" prefixOverrides="and" suffix=")">
            <foreach collection="criteria.criteria" item="criterion">
              <choose>
                <when test="criterion.noValue">
                  and ${criterion.condition}
                </when>
                <when test="criterion.singleValue">
                  and ${criterion.condition} #{criterion.value}
                </when>
                <when test="criterion.betweenValue">
                  and ${criterion.condition} #{criterion.value} and #{criterion.secondValue}
                </when>
                <when test="criterion.listValue">
                  and ${criterion.condition}
                  <foreach close=")" collection="criterion.value" item="listItem" open="(" separator=",">
                    #{listItem}
                  </foreach>
                </when>
              </choose>
            </foreach>
          </trim>
        </if>
      </foreach>
    </where>
  </sql>
  <sql id="Base_Column_List">
    <!--
      WARNING - @mbg.generated
      This element is automatically generated by MyBatis Generator, do not modify.
    -->
    id, export_id, factory_id, product_no, packing_unit, cnumber, box_num, gross_weight, 
    net_weight, size_length, size_width, size_height, ex_price, price, tax, order_no, 
    company_id, company_name, factory_name
  </sql>
  <select id="selectByExample" parameterType="com.gyhqq.domain.cargo.ExportProductExample" resultMap="BaseResultMap">
    <!--
      WARNING - @mbg.generated
      This element is automatically generated by MyBatis Generator, do not modify.
    -->
    select
    <if test="distinct">
      distinct
    </if>
    <include refid="Base_Column_List" />
    from co_export_product
    <if test="_parameter != null">
      <include refid="Example_Where_Clause" />
    </if>
    <if test="orderByClause != null">
      order by ${orderByClause}
    </if>
  </select>
  <select id="selectByPrimaryKey" parameterType="java.lang.String" resultMap="BaseResultMap">
    <!--
      WARNING - @mbg.generated
      This element is automatically generated by MyBatis Generator, do not modify.
    -->
    select 
    <include refid="Base_Column_List" />
    from co_export_product
    where id = #{id,jdbcType=VARCHAR}
  </select>
  <delete id="deleteByPrimaryKey" parameterType="java.lang.String">
    <!--
      WARNING - @mbg.generated
      This element is automatically generated by MyBatis Generator, do not modify.
    -->
    delete from co_export_product
    where id = #{id,jdbcType=VARCHAR}
  </delete>
  <insert id="insert" parameterType="com.gyhqq.domain.cargo.ExportProduct">
    <!--
      WARNING - @mbg.generated
      This element is automatically generated by MyBatis Generator, do not modify.
    -->
    insert into co_export_product (id, export_id, factory_id, 
      product_no, packing_unit, cnumber, 
      box_num, gross_weight, net_weight, 
      size_length, size_width, size_height, 
      ex_price, price, tax, 
      order_no, company_id, company_name, 
      factory_name)
    values (#{id,jdbcType=VARCHAR}, #{exportId,jdbcType=VARCHAR}, #{factoryId,jdbcType=VARCHAR}, 
      #{productNo,jdbcType=VARCHAR}, #{packingUnit,jdbcType=VARCHAR}, #{cnumber,jdbcType=DECIMAL}, 
      #{boxNum,jdbcType=DECIMAL}, #{grossWeight,jdbcType=DECIMAL}, #{netWeight,jdbcType=DECIMAL}, 
      #{sizeLength,jdbcType=DECIMAL}, #{sizeWidth,jdbcType=DECIMAL}, #{sizeHeight,jdbcType=DECIMAL}, 
      #{exPrice,jdbcType=DECIMAL}, #{price,jdbcType=DECIMAL}, #{tax,jdbcType=DECIMAL}, 
      #{orderNo,jdbcType=DECIMAL}, #{companyId,jdbcType=VARCHAR}, #{companyName,jdbcType=VARCHAR}, 
      #{factoryName,jdbcType=VARCHAR})
  </insert>
  <insert id="insertSelective" parameterType="com.gyhqq.domain.cargo.ExportProduct">
    <!--
      WARNING - @mbg.generated
      This element is automatically generated by MyBatis Generator, do not modify.
    -->
    insert into co_export_product
    <trim prefix="(" suffix=")" suffixOverrides=",">
      <if test="id != null">
        id,
      </if>
      <if test="exportId != null">
        export_id,
      </if>
      <if test="factoryId != null">
        factory_id,
      </if>
      <if test="productNo != null">
        product_no,
      </if>
      <if test="packingUnit != null">
        packing_unit,
      </if>
      <if test="cnumber != null">
        cnumber,
      </if>
      <if test="boxNum != null">
        box_num,
      </if>
      <if test="grossWeight != null">
        gross_weight,
      </if>
      <if test="netWeight != null">
        net_weight,
      </if>
      <if test="sizeLength != null">
        size_length,
      </if>
      <if test="sizeWidth != null">
        size_width,
      </if>
      <if test="sizeHeight != null">
        size_height,
      </if>
      <if test="exPrice != null">
        ex_price,
      </if>
      <if test="price != null">
        price,
      </if>
      <if test="tax != null">
        tax,
      </if>
      <if test="orderNo != null">
        order_no,
      </if>
      <if test="companyId != null">
        company_id,
      </if>
      <if test="companyName != null">
        company_name,
      </if>
      <if test="factoryName != null">
        factory_name,
      </if>
    </trim>
    <trim prefix="values (" suffix=")" suffixOverrides=",">
      <if test="id != null">
        #{id,jdbcType=VARCHAR},
      </if>
      <if test="exportId != null">
        #{exportId,jdbcType=VARCHAR},
      </if>
      <if test="factoryId != null">
        #{factoryId,jdbcType=VARCHAR},
      </if>
      <if test="productNo != null">
        #{productNo,jdbcType=VARCHAR},
      </if>
      <if test="packingUnit != null">
        #{packingUnit,jdbcType=VARCHAR},
      </if>
      <if test="cnumber != null">
        #{cnumber,jdbcType=DECIMAL},
      </if>
      <if test="boxNum != null">
        #{boxNum,jdbcType=DECIMAL},
      </if>
      <if test="grossWeight != null">
        #{grossWeight,jdbcType=DECIMAL},
      </if>
      <if test="netWeight != null">
        #{netWeight,jdbcType=DECIMAL},
      </if>
      <if test="sizeLength != null">
        #{sizeLength,jdbcType=DECIMAL},
      </if>
      <if test="sizeWidth != null">
        #{sizeWidth,jdbcType=DECIMAL},
      </if>
      <if test="sizeHeight != null">
        #{sizeHeight,jdbcType=DECIMAL},
      </if>
      <if test="exPrice != null">
        #{exPrice,jdbcType=DECIMAL},
      </if>
      <if test="price != null">
        #{price,jdbcType=DECIMAL},
      </if>
      <if test="tax != null">
        #{tax,jdbcType=DECIMAL},
      </if>
      <if test="orderNo != null">
        #{orderNo,jdbcType=DECIMAL},
      </if>
      <if test="companyId != null">
        #{companyId,jdbcType=VARCHAR},
      </if>
      <if test="companyName != null">
        #{companyName,jdbcType=VARCHAR},
      </if>
      <if test="factoryName != null">
        #{factoryName,jdbcType=VARCHAR},
      </if>
    </trim>
  </insert>
  <update id="updateByPrimaryKeySelective" parameterType="com.gyhqq.domain.cargo.ExportProduct">
    <!--
      WARNING - @mbg.generated
      This element is automatically generated by MyBatis Generator, do not modify.
    -->
    update co_export_product
    <set>
      <if test="exportId != null">
        export_id = #{exportId,jdbcType=VARCHAR},
      </if>
      <if test="factoryId != null">
        factory_id = #{factoryId,jdbcType=VARCHAR},
      </if>
      <if test="productNo != null">
        product_no = #{productNo,jdbcType=VARCHAR},
      </if>
      <if test="packingUnit != null">
        packing_unit = #{packingUnit,jdbcType=VARCHAR},
      </if>
      <if test="cnumber != null">
        cnumber = #{cnumber,jdbcType=DECIMAL},
      </if>
      <if test="boxNum != null">
        box_num = #{boxNum,jdbcType=DECIMAL},
      </if>
      <if test="grossWeight != null">
        gross_weight = #{grossWeight,jdbcType=DECIMAL},
      </if>
      <if test="netWeight != null">
        net_weight = #{netWeight,jdbcType=DECIMAL},
      </if>
      <if test="sizeLength != null">
        size_length = #{sizeLength,jdbcType=DECIMAL},
      </if>
      <if test="sizeWidth != null">
        size_width = #{sizeWidth,jdbcType=DECIMAL},
      </if>
      <if test="sizeHeight != null">
        size_height = #{sizeHeight,jdbcType=DECIMAL},
      </if>
      <if test="exPrice != null">
        ex_price = #{exPrice,jdbcType=DECIMAL},
      </if>
      <if test="price != null">
        price = #{price,jdbcType=DECIMAL},
      </if>
      <if test="tax != null">
        tax = #{tax,jdbcType=DECIMAL},
      </if>
      <if test="orderNo != null">
        order_no = #{orderNo,jdbcType=DECIMAL},
      </if>
      <if test="companyId != null">
        company_id = #{companyId,jdbcType=VARCHAR},
      </if>
      <if test="companyName != null">
        company_name = #{companyName,jdbcType=VARCHAR},
      </if>
      <if test="factoryName != null">
        factory_name = #{factoryName,jdbcType=VARCHAR},
      </if>
    </set>
    where id = #{id,jdbcType=VARCHAR}
  </update>
  <update id="updateByPrimaryKey" parameterType="com.gyhqq.domain.cargo.ExportProduct">
    <!--
      WARNING - @mbg.generated
      This element is automatically generated by MyBatis Generator, do not modify.
    -->
    update co_export_product
    set export_id = #{exportId,jdbcType=VARCHAR},
      factory_id = #{factoryId,jdbcType=VARCHAR},
      product_no = #{productNo,jdbcType=VARCHAR},
      packing_unit = #{packingUnit,jdbcType=VARCHAR},
      cnumber = #{cnumber,jdbcType=DECIMAL},
      box_num = #{boxNum,jdbcType=DECIMAL},
      gross_weight = #{grossWeight,jdbcType=DECIMAL},
      net_weight = #{netWeight,jdbcType=DECIMAL},
      size_length = #{sizeLength,jdbcType=DECIMAL},
      size_width = #{sizeWidth,jdbcType=DECIMAL},
      size_height = #{sizeHeight,jdbcType=DECIMAL},
      ex_price = #{exPrice,jdbcType=DECIMAL},
      price = #{price,jdbcType=DECIMAL},
      tax = #{tax,jdbcType=DECIMAL},
      order_no = #{orderNo,jdbcType=DECIMAL},
      company_id = #{companyId,jdbcType=VARCHAR},
      company_name = #{companyName,jdbcType=VARCHAR},
      factory_name = #{factoryName,jdbcType=VARCHAR}
    where id = #{id,jdbcType=VARCHAR}
  </update>
</mapper>