<?xml version="1.0" encoding="UTF-8"?>
<!DOCTYPE mapper PUBLIC "-//mybatis.org//DTD Mapper 3.0//EN" "http://mybatis.org/dtd/mybatis-3-mapper.dtd">
<mapper namespace="com.gyhqq.dao.cargo.ExportDao">
  <resultMap id="BaseResultMap" type="com.gyhqq.domain.cargo.Export">
    <!--
      WARNING - @mbg.generated
      This element is automatically generated by MyBatis Generator, do not modify.
    -->
    <id column="id" jdbcType="VARCHAR" property="id" />
    <result column="input_date" jdbcType="TIMESTAMP" property="inputDate" />
    <result column="contract_ids" jdbcType="VARCHAR" property="contractIds" />
    <result column="customer_contract" jdbcType="VARCHAR" property="customerContract" />
    <result column="lcno" jdbcType="VARCHAR" property="lcno" />
    <result column="consignee" jdbcType="VARCHAR" property="consignee" />
    <result column="marks" jdbcType="VARCHAR" property="marks" />
    <result column="shipment_port" jdbcType="VARCHAR" property="shipmentPort" />
    <result column="destination_port" jdbcType="VARCHAR" property="destinationPort" />
    <result column="transport_mode" jdbcType="VARCHAR" property="transportMode" />
    <result column="price_condition" jdbcType="VARCHAR" property="priceCondition" />
    <result column="remark" jdbcType="VARCHAR" property="remark" />
    <result column="box_nums" jdbcType="DECIMAL" property="boxNums" />
    <result column="gross_weights" jdbcType="DECIMAL" property="grossWeights" />
    <result column="measurements" jdbcType="DECIMAL" property="measurements" />
    <result column="state" jdbcType="DECIMAL" property="state" />
    <result column="pro_num" jdbcType="INTEGER" property="proNum" />
    <result column="ext_num" jdbcType="INTEGER" property="extNum" />
    <result column="create_by" jdbcType="VARCHAR" property="createBy" />
    <result column="create_dept" jdbcType="VARCHAR" property="createDept" />
    <result column="create_time" jdbcType="TIMESTAMP" property="createTime" />
    <result column="company_id" jdbcType="VARCHAR" property="companyId" />
    <result column="company_name" jdbcType="VARCHAR" property="companyName" />
  </resultMap>
  <sql id="Example_Where_Clause">
    <!--
      WARNING - @mbg.generated
      This element is automatically generated by MyBatis Generator, do not modify.
    -->
    <where>
      <foreach collection="oredCriteria" item="criteria" separator="or">
        <if test="criteria.valid">
          <trim prefix="(" prefixOverrides="and" suffix=")">
            <foreach collection="criteria.criteria" item="criterion">
              <choose>
                <when test="criterion.noValue">
                  and ${criterion.condition}
                </when>
                <when test="criterion.singleValue">
                  and ${criterion.condition} #{criterion.value}
                </when>
                <when test="criterion.betweenValue">
                  and ${criterion.condition} #{criterion.value} and #{criterion.secondValue}
                </when>
                <when test="criterion.listValue">
                  and ${criterion.condition}
                  <foreach close=")" collection="criterion.value" item="listItem" open="(" separator=",">
                    #{listItem}
                  </foreach>
                </when>
              </choose>
            </foreach>
          </trim>
        </if>
      </foreach>
    </where>
  </sql>
  <sql id="Base_Column_List">
    <!--
      WARNING - @mbg.generated
      This element is automatically generated by MyBatis Generator, do not modify.
    -->
    id, input_date, contract_ids, customer_contract, lcno, consignee, marks, shipment_port, 
    destination_port, transport_mode, price_condition, remark, box_nums, gross_weights, 
    measurements, state, pro_num, ext_num, create_by, create_dept, create_time, company_id, 
    company_name
  </sql>
  <select id="selectByExample" parameterType="com.gyhqq.domain.cargo.ExportExample" resultMap="BaseResultMap">
    <!--
      WARNING - @mbg.generated
      This element is automatically generated by MyBatis Generator, do not modify.
    -->
    select
    <if test="distinct">
      distinct
    </if>
    <include refid="Base_Column_List" />
    from co_export
    <if test="_parameter != null">
      <include refid="Example_Where_Clause" />
    </if>
    <if test="orderByClause != null">
      order by ${orderByClause}
    </if>
  </select>
  <select id="selectByPrimaryKey" parameterType="java.lang.String" resultMap="BaseResultMap">
    <!--
      WARNING - @mbg.generated
      This element is automatically generated by MyBatis Generator, do not modify.
    -->
    select 
    <include refid="Base_Column_List" />
    from co_export
    where id = #{id,jdbcType=VARCHAR}
  </select>
  <delete id="deleteByPrimaryKey" parameterType="java.lang.String">
    <!--
      WARNING - @mbg.generated
      This element is automatically generated by MyBatis Generator, do not modify.
    -->
    delete from co_export
    where id = #{id,jdbcType=VARCHAR}
  </delete>
  <insert id="insert" parameterType="com.gyhqq.domain.cargo.Export">
    <!--
      WARNING - @mbg.generated
      This element is automatically generated by MyBatis Generator, do not modify.
    -->
    insert into co_export (id, input_date, contract_ids, 
      customer_contract, lcno, consignee, 
      marks, shipment_port, destination_port, 
      transport_mode, price_condition, remark, 
      box_nums, gross_weights, measurements, 
      state, pro_num, ext_num, 
      create_by, create_dept, create_time, 
      company_id, company_name)
    values (#{id,jdbcType=VARCHAR}, #{inputDate,jdbcType=TIMESTAMP}, #{contractIds,jdbcType=VARCHAR}, 
      #{customerContract,jdbcType=VARCHAR}, #{lcno,jdbcType=VARCHAR}, #{consignee,jdbcType=VARCHAR}, 
      #{marks,jdbcType=VARCHAR}, #{shipmentPort,jdbcType=VARCHAR}, #{destinationPort,jdbcType=VARCHAR}, 
      #{transportMode,jdbcType=VARCHAR}, #{priceCondition,jdbcType=VARCHAR}, #{remark,jdbcType=VARCHAR}, 
      #{boxNums,jdbcType=DECIMAL}, #{grossWeights,jdbcType=DECIMAL}, #{measurements,jdbcType=DECIMAL}, 
      #{state,jdbcType=DECIMAL}, #{proNum,jdbcType=INTEGER}, #{extNum,jdbcType=INTEGER}, 
      #{createBy,jdbcType=VARCHAR}, #{createDept,jdbcType=VARCHAR}, #{createTime,jdbcType=TIMESTAMP}, 
      #{companyId,jdbcType=VARCHAR}, #{companyName,jdbcType=VARCHAR})
  </insert>
  <insert id="insertSelective" parameterType="com.gyhqq.domain.cargo.Export">
    <!--
      WARNING - @mbg.generated
      This element is automatically generated by MyBatis Generator, do not modify.
    -->
    insert into co_export
    <trim prefix="(" suffix=")" suffixOverrides=",">
      <if test="id != null">
        id,
      </if>
      <if test="inputDate != null">
        input_date,
      </if>
      <if test="contractIds != null">
        contract_ids,
      </if>
      <if test="customerContract != null">
        customer_contract,
      </if>
      <if test="lcno != null">
        lcno,
      </if>
      <if test="consignee != null">
        consignee,
      </if>
      <if test="marks != null">
        marks,
      </if>
      <if test="shipmentPort != null">
        shipment_port,
      </if>
      <if test="destinationPort != null">
        destination_port,
      </if>
      <if test="transportMode != null">
        transport_mode,
      </if>
      <if test="priceCondition != null">
        price_condition,
      </if>
      <if test="remark != null">
        remark,
      </if>
      <if test="boxNums != null">
        box_nums,
      </if>
      <if test="grossWeights != null">
        gross_weights,
      </if>
      <if test="measurements != null">
        measurements,
      </if>
      <if test="state != null">
        state,
      </if>
      <if test="proNum != null">
        pro_num,
      </if>
      <if test="extNum != null">
        ext_num,
      </if>
      <if test="createBy != null">
        create_by,
      </if>
      <if test="createDept != null">
        create_dept,
      </if>
      <if test="createTime != null">
        create_time,
      </if>
      <if test="companyId != null">
        company_id,
      </if>
      <if test="companyName != null">
        company_name,
      </if>
    </trim>
    <trim prefix="values (" suffix=")" suffixOverrides=",">
      <if test="id != null">
        #{id,jdbcType=VARCHAR},
      </if>
      <if test="inputDate != null">
        #{inputDate,jdbcType=TIMESTAMP},
      </if>
      <if test="contractIds != null">
        #{contractIds,jdbcType=VARCHAR},
      </if>
      <if test="customerContract != null">
        #{customerContract,jdbcType=VARCHAR},
      </if>
      <if test="lcno != null">
        #{lcno,jdbcType=VARCHAR},
      </if>
      <if test="consignee != null">
        #{consignee,jdbcType=VARCHAR},
      </if>
      <if test="marks != null">
        #{marks,jdbcType=VARCHAR},
      </if>
      <if test="shipmentPort != null">
        #{shipmentPort,jdbcType=VARCHAR},
      </if>
      <if test="destinationPort != null">
        #{destinationPort,jdbcType=VARCHAR},
      </if>
      <if test="transportMode != null">
        #{transportMode,jdbcType=VARCHAR},
      </if>
      <if test="priceCondition != null">
        #{priceCondition,jdbcType=VARCHAR},
      </if>
      <if test="remark != null">
        #{remark,jdbcType=VARCHAR},
      </if>
      <if test="boxNums != null">
        #{boxNums,jdbcType=DECIMAL},
      </if>
      <if test="grossWeights != null">
        #{grossWeights,jdbcType=DECIMAL},
      </if>
      <if test="measurements != null">
        #{measurements,jdbcType=DECIMAL},
      </if>
      <if test="state != null">
        #{state,jdbcType=DECIMAL},
      </if>
      <if test="proNum != null">
        #{proNum,jdbcType=INTEGER},
      </if>
      <if test="extNum != null">
        #{extNum,jdbcType=INTEGER},
      </if>
      <if test="createBy != null">
        #{createBy,jdbcType=VARCHAR},
      </if>
      <if test="createDept != null">
        #{createDept,jdbcType=VARCHAR},
      </if>
      <if test="createTime != null">
        #{createTime,jdbcType=TIMESTAMP},
      </if>
      <if test="companyId != null">
        #{companyId,jdbcType=VARCHAR},
      </if>
      <if test="companyName != null">
        #{companyName,jdbcType=VARCHAR},
      </if>
    </trim>
  </insert>
  <update id="updateByPrimaryKeySelective" parameterType="com.gyhqq.domain.cargo.Export">
    <!--
      WARNING - @mbg.generated
      This element is automatically generated by MyBatis Generator, do not modify.
    -->
    update co_export
    <set>
      <if test="inputDate != null">
        input_date = #{inputDate,jdbcType=TIMESTAMP},
      </if>
      <if test="contractIds != null">
        contract_ids = #{contractIds,jdbcType=VARCHAR},
      </if>
      <if test="customerContract != null">
        customer_contract = #{customerContract,jdbcType=VARCHAR},
      </if>
      <if test="lcno != null">
        lcno = #{lcno,jdbcType=VARCHAR},
      </if>
      <if test="consignee != null">
        consignee = #{consignee,jdbcType=VARCHAR},
      </if>
      <if test="marks != null">
        marks = #{marks,jdbcType=VARCHAR},
      </if>
      <if test="shipmentPort != null">
        shipment_port = #{shipmentPort,jdbcType=VARCHAR},
      </if>
      <if test="destinationPort != null">
        destination_port = #{destinationPort,jdbcType=VARCHAR},
      </if>
      <if test="transportMode != null">
        transport_mode = #{transportMode,jdbcType=VARCHAR},
      </if>
      <if test="priceCondition != null">
        price_condition = #{priceCondition,jdbcType=VARCHAR},
      </if>
      <if test="remark != null">
        remark = #{remark,jdbcType=VARCHAR},
      </if>
      <if test="boxNums != null">
        box_nums = #{boxNums,jdbcType=DECIMAL},
      </if>
      <if test="grossWeights != null">
        gross_weights = #{grossWeights,jdbcType=DECIMAL},
      </if>
      <if test="measurements != null">
        measurements = #{measurements,jdbcType=DECIMAL},
      </if>
      <if test="state != null">
        state = #{state,jdbcType=DECIMAL},
      </if>
      <if test="proNum != null">
        pro_num = #{proNum,jdbcType=INTEGER},
      </if>
      <if test="extNum != null">
        ext_num = #{extNum,jdbcType=INTEGER},
      </if>
      <if test="createBy != null">
        create_by = #{createBy,jdbcType=VARCHAR},
      </if>
      <if test="createDept != null">
        create_dept = #{createDept,jdbcType=VARCHAR},
      </if>
      <if test="createTime != null">
        create_time = #{createTime,jdbcType=TIMESTAMP},
      </if>
      <if test="companyId != null">
        company_id = #{companyId,jdbcType=VARCHAR},
      </if>
      <if test="companyName != null">
        company_name = #{companyName,jdbcType=VARCHAR},
      </if>
    </set>
    where id = #{id,jdbcType=VARCHAR}
  </update>
  <update id="updateByPrimaryKey" parameterType="com.gyhqq.domain.cargo.Export">
    <!--
      WARNING - @mbg.generated
      This element is automatically generated by MyBatis Generator, do not modify.
    -->
    update co_export
    set input_date = #{inputDate,jdbcType=TIMESTAMP},
      contract_ids = #{contractIds,jdbcType=VARCHAR},
      customer_contract = #{customerContract,jdbcType=VARCHAR},
      lcno = #{lcno,jdbcType=VARCHAR},
      consignee = #{consignee,jdbcType=VARCHAR},
      marks = #{marks,jdbcType=VARCHAR},
      shipment_port = #{shipmentPort,jdbcType=VARCHAR},
      destination_port = #{destinationPort,jdbcType=VARCHAR},
      transport_mode = #{transportMode,jdbcType=VARCHAR},
      price_condition = #{priceCondition,jdbcType=VARCHAR},
      remark = #{remark,jdbcType=VARCHAR},
      box_nums = #{boxNums,jdbcType=DECIMAL},
      gross_weights = #{grossWeights,jdbcType=DECIMAL},
      measurements = #{measurements,jdbcType=DECIMAL},
      state = #{state,jdbcType=DECIMAL},
      pro_num = #{proNum,jdbcType=INTEGER},
      ext_num = #{extNum,jdbcType=INTEGER},
      create_by = #{createBy,jdbcType=VARCHAR},
      create_dept = #{createDept,jdbcType=VARCHAR},
      create_time = #{createTime,jdbcType=TIMESTAMP},
      company_id = #{companyId,jdbcType=VARCHAR},
      company_name = #{companyName,jdbcType=VARCHAR}
    where id = #{id,jdbcType=VARCHAR}
  </update>
</mapper>