<?xml version="1.0" encoding="UTF-8"?>
<!DOCTYPE mapper PUBLIC "-//mybatis.org//DTD Mapper 3.0//EN" "http://mybatis.org/dtd/mybatis-3-mapper.dtd">
<mapper namespace="com.gyhqq.dao.cargo.ExtEproductDao">
  <resultMap id="BaseResultMap" type="com.gyhqq.domain.cargo.ExtEproduct">
    <!--
      WARNING - @mbg.generated
      This element is automatically generated by MyBatis Generator, do not modify.
    -->
    <id column="id" jdbcType="VARCHAR" property="id" />
    <result column="export_product_id" jdbcType="VARCHAR" property="exportProductId" />
    <result column="export_id" jdbcType="VARCHAR" property="exportId" />
    <result column="factory_id" jdbcType="VARCHAR" property="factoryId" />
    <result column="product_no" jdbcType="VARCHAR" property="productNo" />
    <result column="product_image" jdbcType="VARCHAR" property="productImage" />
    <result column="product_desc" jdbcType="VARCHAR" property="productDesc" />
    <result column="cnumber" jdbcType="DECIMAL" property="cnumber" />
    <result column="packing_unit" jdbcType="VARCHAR" property="packingUnit" />
    <result column="price" jdbcType="DECIMAL" property="price" />
    <result column="amount" jdbcType="DECIMAL" property="amount" />
    <result column="order_no" jdbcType="DECIMAL" property="orderNo" />
    <result column="company_id" jdbcType="VARCHAR" property="companyId" />
    <result column="company_name" jdbcType="VARCHAR" property="companyName" />
  </resultMap>
  <resultMap extends="BaseResultMap" id="ResultMapWithBLOBs" type="com.gyhqq.domain.cargo.ExtEproduct">
    <!--
      WARNING - @mbg.generated
      This element is automatically generated by MyBatis Generator, do not modify.
    -->
    <result column="product_request" jdbcType="LONGVARCHAR" property="productRequest" />
  </resultMap>
  <sql id="Example_Where_Clause">
    <!--
      WARNING - @mbg.generated
      This element is automatically generated by MyBatis Generator, do not modify.
    -->
    <where>
      <foreach collection="oredCriteria" item="criteria" separator="or">
        <if test="criteria.valid">
          <trim prefix="(" prefixOverrides="and" suffix=")">
            <foreach collection="criteria.criteria" item="criterion">
              <choose>
                <when test="criterion.noValue">
                  and ${criterion.condition}
                </when>
                <when test="criterion.singleValue">
                  and ${criterion.condition} #{criterion.value}
                </when>
                <when test="criterion.betweenValue">
                  and ${criterion.condition} #{criterion.value} and #{criterion.secondValue}
                </when>
                <when test="criterion.listValue">
                  and ${criterion.condition}
                  <foreach close=")" collection="criterion.value" item="listItem" open="(" separator=",">
                    #{listItem}
                  </foreach>
                </when>
              </choose>
            </foreach>
          </trim>
        </if>
      </foreach>
    </where>
  </sql>
  <sql id="Base_Column_List">
    <!--
      WARNING - @mbg.generated
      This element is automatically generated by MyBatis Generator, do not modify.
    -->
    id, export_product_id, export_id, factory_id, product_no, product_image, product_desc, 
    cnumber, packing_unit, price, amount, order_no, company_id, company_name
  </sql>
  <sql id="Blob_Column_List">
    <!--
      WARNING - @mbg.generated
      This element is automatically generated by MyBatis Generator, do not modify.
    -->
    product_request
  </sql>
  <select id="selectByExampleWithBLOBs" parameterType="com.gyhqq.domain.cargo.ExtEproductExample" resultMap="ResultMapWithBLOBs">
    <!--
      WARNING - @mbg.generated
      This element is automatically generated by MyBatis Generator, do not modify.
    -->
    select
    <if test="distinct">
      distinct
    </if>
    <include refid="Base_Column_List" />
    ,
    <include refid="Blob_Column_List" />
    from co_ext_eproduct
    <if test="_parameter != null">
      <include refid="Example_Where_Clause" />
    </if>
    <if test="orderByClause != null">
      order by ${orderByClause}
    </if>
  </select>
  <select id="selectByExample" parameterType="com.gyhqq.domain.cargo.ExtEproductExample" resultMap="BaseResultMap">
    <!--
      WARNING - @mbg.generated
      This element is automatically generated by MyBatis Generator, do not modify.
    -->
    select
    <if test="distinct">
      distinct
    </if>
    <include refid="Base_Column_List" />
    from co_ext_eproduct
    <if test="_parameter != null">
      <include refid="Example_Where_Clause" />
    </if>
    <if test="orderByClause != null">
      order by ${orderByClause}
    </if>
  </select>
  <select id="selectByPrimaryKey" parameterType="java.lang.String" resultMap="ResultMapWithBLOBs">
    <!--
      WARNING - @mbg.generated
      This element is automatically generated by MyBatis Generator, do not modify.
    -->
    select 
    <include refid="Base_Column_List" />
    ,
    <include refid="Blob_Column_List" />
    from co_ext_eproduct
    where id = #{id,jdbcType=VARCHAR}
  </select>
  <delete id="deleteByPrimaryKey" parameterType="java.lang.String">
    <!--
      WARNING - @mbg.generated
      This element is automatically generated by MyBatis Generator, do not modify.
    -->
    delete from co_ext_eproduct
    where id = #{id,jdbcType=VARCHAR}
  </delete>
  <insert id="insert" parameterType="com.gyhqq.domain.cargo.ExtEproduct">
    <!--
      WARNING - @mbg.generated
      This element is automatically generated by MyBatis Generator, do not modify.
    -->
    insert into co_ext_eproduct (id, export_product_id, export_id, 
      factory_id, product_no, product_image, 
      product_desc, cnumber, packing_unit, 
      price, amount, order_no, 
      company_id, company_name, product_request
      )
    values (#{id,jdbcType=VARCHAR}, #{exportProductId,jdbcType=VARCHAR}, #{exportId,jdbcType=VARCHAR}, 
      #{factoryId,jdbcType=VARCHAR}, #{productNo,jdbcType=VARCHAR}, #{productImage,jdbcType=VARCHAR}, 
      #{productDesc,jdbcType=VARCHAR}, #{cnumber,jdbcType=DECIMAL}, #{packingUnit,jdbcType=VARCHAR}, 
      #{price,jdbcType=DECIMAL}, #{amount,jdbcType=DECIMAL}, #{orderNo,jdbcType=DECIMAL}, 
      #{companyId,jdbcType=VARCHAR}, #{companyName,jdbcType=VARCHAR}, #{productRequest,jdbcType=LONGVARCHAR}
      )
  </insert>
  <insert id="insertSelective" parameterType="com.gyhqq.domain.cargo.ExtEproduct">
    <!--
      WARNING - @mbg.generated
      This element is automatically generated by MyBatis Generator, do not modify.
    -->
    insert into co_ext_eproduct
    <trim prefix="(" suffix=")" suffixOverrides=",">
      <if test="id != null">
        id,
      </if>
      <if test="exportProductId != null">
        export_product_id,
      </if>
      <if test="exportId != null">
        export_id,
      </if>
      <if test="factoryId != null">
        factory_id,
      </if>
      <if test="productNo != null">
        product_no,
      </if>
      <if test="productImage != null">
        product_image,
      </if>
      <if test="productDesc != null">
        product_desc,
      </if>
      <if test="cnumber != null">
        cnumber,
      </if>
      <if test="packingUnit != null">
        packing_unit,
      </if>
      <if test="price != null">
        price,
      </if>
      <if test="amount != null">
        amount,
      </if>
      <if test="orderNo != null">
        order_no,
      </if>
      <if test="companyId != null">
        company_id,
      </if>
      <if test="companyName != null">
        company_name,
      </if>
      <if test="productRequest != null">
        product_request,
      </if>
    </trim>
    <trim prefix="values (" suffix=")" suffixOverrides=",">
      <if test="id != null">
        #{id,jdbcType=VARCHAR},
      </if>
      <if test="exportProductId != null">
        #{exportProductId,jdbcType=VARCHAR},
      </if>
      <if test="exportId != null">
        #{exportId,jdbcType=VARCHAR},
      </if>
      <if test="factoryId != null">
        #{factoryId,jdbcType=VARCHAR},
      </if>
      <if test="productNo != null">
        #{productNo,jdbcType=VARCHAR},
      </if>
      <if test="productImage != null">
        #{productImage,jdbcType=VARCHAR},
      </if>
      <if test="productDesc != null">
        #{productDesc,jdbcType=VARCHAR},
      </if>
      <if test="cnumber != null">
        #{cnumber,jdbcType=DECIMAL},
      </if>
      <if test="packingUnit != null">
        #{packingUnit,jdbcType=VARCHAR},
      </if>
      <if test="price != null">
        #{price,jdbcType=DECIMAL},
      </if>
      <if test="amount != null">
        #{amount,jdbcType=DECIMAL},
      </if>
      <if test="orderNo != null">
        #{orderNo,jdbcType=DECIMAL},
      </if>
      <if test="companyId != null">
        #{companyId,jdbcType=VARCHAR},
      </if>
      <if test="companyName != null">
        #{companyName,jdbcType=VARCHAR},
      </if>
      <if test="productRequest != null">
        #{productRequest,jdbcType=LONGVARCHAR},
      </if>
    </trim>
  </insert>
  <update id="updateByPrimaryKeySelective" parameterType="com.gyhqq.domain.cargo.ExtEproduct">
    <!--
      WARNING - @mbg.generated
      This element is automatically generated by MyBatis Generator, do not modify.
    -->
    update co_ext_eproduct
    <set>
      <if test="exportProductId != null">
        export_product_id = #{exportProductId,jdbcType=VARCHAR},
      </if>
      <if test="exportId != null">
        export_id = #{exportId,jdbcType=VARCHAR},
      </if>
      <if test="factoryId != null">
        factory_id = #{factoryId,jdbcType=VARCHAR},
      </if>
      <if test="productNo != null">
        product_no = #{productNo,jdbcType=VARCHAR},
      </if>
      <if test="productImage != null">
        product_image = #{productImage,jdbcType=VARCHAR},
      </if>
      <if test="productDesc != null">
        product_desc = #{productDesc,jdbcType=VARCHAR},
      </if>
      <if test="cnumber != null">
        cnumber = #{cnumber,jdbcType=DECIMAL},
      </if>
      <if test="packingUnit != null">
        packing_unit = #{packingUnit,jdbcType=VARCHAR},
      </if>
      <if test="price != null">
        price = #{price,jdbcType=DECIMAL},
      </if>
      <if test="amount != null">
        amount = #{amount,jdbcType=DECIMAL},
      </if>
      <if test="orderNo != null">
        order_no = #{orderNo,jdbcType=DECIMAL},
      </if>
      <if test="companyId != null">
        company_id = #{companyId,jdbcType=VARCHAR},
      </if>
      <if test="companyName != null">
        company_name = #{companyName,jdbcType=VARCHAR},
      </if>
      <if test="productRequest != null">
        product_request = #{productRequest,jdbcType=LONGVARCHAR},
      </if>
    </set>
    where id = #{id,jdbcType=VARCHAR}
  </update>
  <update id="updateByPrimaryKeyWithBLOBs" parameterType="com.gyhqq.domain.cargo.ExtEproduct">
    <!--
      WARNING - @mbg.generated
      This element is automatically generated by MyBatis Generator, do not modify.
    -->
    update co_ext_eproduct
    set export_product_id = #{exportProductId,jdbcType=VARCHAR},
      export_id = #{exportId,jdbcType=VARCHAR},
      factory_id = #{factoryId,jdbcType=VARCHAR},
      product_no = #{productNo,jdbcType=VARCHAR},
      product_image = #{productImage,jdbcType=VARCHAR},
      product_desc = #{productDesc,jdbcType=VARCHAR},
      cnumber = #{cnumber,jdbcType=DECIMAL},
      packing_unit = #{packingUnit,jdbcType=VARCHAR},
      price = #{price,jdbcType=DECIMAL},
      amount = #{amount,jdbcType=DECIMAL},
      order_no = #{orderNo,jdbcType=DECIMAL},
      company_id = #{companyId,jdbcType=VARCHAR},
      company_name = #{companyName,jdbcType=VARCHAR},
      product_request = #{productRequest,jdbcType=LONGVARCHAR}
    where id = #{id,jdbcType=VARCHAR}
  </update>
  <update id="updateByPrimaryKey" parameterType="com.gyhqq.domain.cargo.ExtEproduct">
    <!--
      WARNING - @mbg.generated
      This element is automatically generated by MyBatis Generator, do not modify.
    -->
    update co_ext_eproduct
    set export_product_id = #{exportProductId,jdbcType=VARCHAR},
      export_id = #{exportId,jdbcType=VARCHAR},
      factory_id = #{factoryId,jdbcType=VARCHAR},
      product_no = #{productNo,jdbcType=VARCHAR},
      product_image = #{productImage,jdbcType=VARCHAR},
      product_desc = #{productDesc,jdbcType=VARCHAR},
      cnumber = #{cnumber,jdbcType=DECIMAL},
      packing_unit = #{packingUnit,jdbcType=VARCHAR},
      price = #{price,jdbcType=DECIMAL},
      amount = #{amount,jdbcType=DECIMAL},
      order_no = #{orderNo,jdbcType=DECIMAL},
      company_id = #{companyId,jdbcType=VARCHAR},
      company_name = #{companyName,jdbcType=VARCHAR}
    where id = #{id,jdbcType=VARCHAR}
  </update>
</mapper>