<?xml version="1.0" encoding="UTF-8"?>
<!DOCTYPE mapper PUBLIC "-//mybatis.org//DTD Mapper 3.0//EN" "http://mybatis.org/dtd/mybatis-3-mapper.dtd">
<mapper namespace="com.gyhqq.dao.cargo.FactoryDao">
  <resultMap id="BaseResultMap" type="com.gyhqq.domain.cargo.Factory">
    <!--
      WARNING - @mbg.generated
      This element is automatically generated by MyBatis Generator, do not modify.
    -->
    <id column="id" jdbcType="VARCHAR" property="id" />
    <result column="ctype" jdbcType="VARCHAR" property="ctype" />
    <result column="full_name" jdbcType="VARCHAR" property="fullName" />
    <result column="factory_name" jdbcType="VARCHAR" property="factoryName" />
    <result column="contacts" jdbcType="VARCHAR" property="contacts" />
    <result column="phone" jdbcType="VARCHAR" property="phone" />
    <result column="mobile" jdbcType="VARCHAR" property="mobile" />
    <result column="fax" jdbcType="VARCHAR" property="fax" />
    <result column="address" jdbcType="VARCHAR" property="address" />
    <result column="inspector" jdbcType="VARCHAR" property="inspector" />
    <result column="remark" jdbcType="VARCHAR" property="remark" />
    <result column="order_no" jdbcType="DECIMAL" property="orderNo" />
    <result column="state" jdbcType="CHAR" property="state" />
    <result column="create_by" jdbcType="VARCHAR" property="createBy" />
    <result column="create_dept" jdbcType="VARCHAR" property="createDept" />
    <result column="create_time" jdbcType="TIMESTAMP" property="createTime" />
    <result column="update_by" jdbcType="VARCHAR" property="updateBy" />
    <result column="update_time" jdbcType="TIMESTAMP" property="updateTime" />
    <result column="company_id" jdbcType="VARCHAR" property="companyId" />
    <result column="company_name" jdbcType="VARCHAR" property="companyName" />
  </resultMap>
  <sql id="Example_Where_Clause">
    <!--
      WARNING - @mbg.generated
      This element is automatically generated by MyBatis Generator, do not modify.
    -->
    <where>
      <foreach collection="oredCriteria" item="criteria" separator="or">
        <if test="criteria.valid">
          <trim prefix="(" prefixOverrides="and" suffix=")">
            <foreach collection="criteria.criteria" item="criterion">
              <choose>
                <when test="criterion.noValue">
                  and ${criterion.condition}
                </when>
                <when test="criterion.singleValue">
                  and ${criterion.condition} #{criterion.value}
                </when>
                <when test="criterion.betweenValue">
                  and ${criterion.condition} #{criterion.value} and #{criterion.secondValue}
                </when>
                <when test="criterion.listValue">
                  and ${criterion.condition}
                  <foreach close=")" collection="criterion.value" item="listItem" open="(" separator=",">
                    #{listItem}
                  </foreach>
                </when>
              </choose>
            </foreach>
          </trim>
        </if>
      </foreach>
    </where>
  </sql>
  <sql id="Base_Column_List">
    <!--
      WARNING - @mbg.generated
      This element is automatically generated by MyBatis Generator, do not modify.
    -->
    id, ctype, full_name, factory_name, contacts, phone, mobile, fax, address, inspector, 
    remark, order_no, state, create_by, create_dept, create_time, update_by, update_time, 
    company_id, company_name
  </sql>
  <select id="selectByExample" parameterType="com.gyhqq.domain.cargo.FactoryExample" resultMap="BaseResultMap">
    <!--
      WARNING - @mbg.generated
      This element is automatically generated by MyBatis Generator, do not modify.
    -->
    select
    <if test="distinct">
      distinct
    </if>
    <include refid="Base_Column_List" />
    from co_factory
    <if test="_parameter != null">
      <include refid="Example_Where_Clause" />
    </if>
    <if test="orderByClause != null">
      order by ${orderByClause}
    </if>
  </select>
  <select id="selectByPrimaryKey" parameterType="java.lang.String" resultMap="BaseResultMap">
    <!--
      WARNING - @mbg.generated
      This element is automatically generated by MyBatis Generator, do not modify.
    -->
    select 
    <include refid="Base_Column_List" />
    from co_factory
    where id = #{id,jdbcType=VARCHAR}
  </select>
  <delete id="deleteByPrimaryKey" parameterType="java.lang.String">
    <!--
      WARNING - @mbg.generated
      This element is automatically generated by MyBatis Generator, do not modify.
    -->
    delete from co_factory
    where id = #{id,jdbcType=VARCHAR}
  </delete>
  <insert id="insert" parameterType="com.gyhqq.domain.cargo.Factory">
    <!--
      WARNING - @mbg.generated
      This element is automatically generated by MyBatis Generator, do not modify.
    -->
    insert into co_factory (id, ctype, full_name, 
      factory_name, contacts, phone, 
      mobile, fax, address, 
      inspector, remark, order_no, 
      state, create_by, create_dept, 
      create_time, update_by, update_time, 
      company_id, company_name)
    values (#{id,jdbcType=VARCHAR}, #{ctype,jdbcType=VARCHAR}, #{fullName,jdbcType=VARCHAR}, 
      #{factoryName,jdbcType=VARCHAR}, #{contacts,jdbcType=VARCHAR}, #{phone,jdbcType=VARCHAR}, 
      #{mobile,jdbcType=VARCHAR}, #{fax,jdbcType=VARCHAR}, #{address,jdbcType=VARCHAR}, 
      #{inspector,jdbcType=VARCHAR}, #{remark,jdbcType=VARCHAR}, #{orderNo,jdbcType=DECIMAL}, 
      #{state,jdbcType=CHAR}, #{createBy,jdbcType=VARCHAR}, #{createDept,jdbcType=VARCHAR}, 
      #{createTime,jdbcType=TIMESTAMP}, #{updateBy,jdbcType=VARCHAR}, #{updateTime,jdbcType=TIMESTAMP}, 
      #{companyId,jdbcType=VARCHAR}, #{companyName,jdbcType=VARCHAR})
  </insert>
  <insert id="insertSelective" parameterType="com.gyhqq.domain.cargo.Factory">
    <!--
      WARNING - @mbg.generated
      This element is automatically generated by MyBatis Generator, do not modify.
    -->
    insert into co_factory
    <trim prefix="(" suffix=")" suffixOverrides=",">
      <if test="id != null">
        id,
      </if>
      <if test="ctype != null">
        ctype,
      </if>
      <if test="fullName != null">
        full_name,
      </if>
      <if test="factoryName != null">
        factory_name,
      </if>
      <if test="contacts != null">
        contacts,
      </if>
      <if test="phone != null">
        phone,
      </if>
      <if test="mobile != null">
        mobile,
      </if>
      <if test="fax != null">
        fax,
      </if>
      <if test="address != null">
        address,
      </if>
      <if test="inspector != null">
        inspector,
      </if>
      <if test="remark != null">
        remark,
      </if>
      <if test="orderNo != null">
        order_no,
      </if>
      <if test="state != null">
        state,
      </if>
      <if test="createBy != null">
        create_by,
      </if>
      <if test="createDept != null">
        create_dept,
      </if>
      <if test="createTime != null">
        create_time,
      </if>
      <if test="updateBy != null">
        update_by,
      </if>
      <if test="updateTime != null">
        update_time,
      </if>
      <if test="companyId != null">
        company_id,
      </if>
      <if test="companyName != null">
        company_name,
      </if>
    </trim>
    <trim prefix="values (" suffix=")" suffixOverrides=",">
      <if test="id != null">
        #{id,jdbcType=VARCHAR},
      </if>
      <if test="ctype != null">
        #{ctype,jdbcType=VARCHAR},
      </if>
      <if test="fullName != null">
        #{fullName,jdbcType=VARCHAR},
      </if>
      <if test="factoryName != null">
        #{factoryName,jdbcType=VARCHAR},
      </if>
      <if test="contacts != null">
        #{contacts,jdbcType=VARCHAR},
      </if>
      <if test="phone != null">
        #{phone,jdbcType=VARCHAR},
      </if>
      <if test="mobile != null">
        #{mobile,jdbcType=VARCHAR},
      </if>
      <if test="fax != null">
        #{fax,jdbcType=VARCHAR},
      </if>
      <if test="address != null">
        #{address,jdbcType=VARCHAR},
      </if>
      <if test="inspector != null">
        #{inspector,jdbcType=VARCHAR},
      </if>
      <if test="remark != null">
        #{remark,jdbcType=VARCHAR},
      </if>
      <if test="orderNo != null">
        #{orderNo,jdbcType=DECIMAL},
      </if>
      <if test="state != null">
        #{state,jdbcType=CHAR},
      </if>
      <if test="createBy != null">
        #{createBy,jdbcType=VARCHAR},
      </if>
      <if test="createDept != null">
        #{createDept,jdbcType=VARCHAR},
      </if>
      <if test="createTime != null">
        #{createTime,jdbcType=TIMESTAMP},
      </if>
      <if test="updateBy != null">
        #{updateBy,jdbcType=VARCHAR},
      </if>
      <if test="updateTime != null">
        #{updateTime,jdbcType=TIMESTAMP},
      </if>
      <if test="companyId != null">
        #{companyId,jdbcType=VARCHAR},
      </if>
      <if test="companyName != null">
        #{companyName,jdbcType=VARCHAR},
      </if>
    </trim>
  </insert>
  <update id="updateByPrimaryKeySelective" parameterType="com.gyhqq.domain.cargo.Factory">
    <!--
      WARNING - @mbg.generated
      This element is automatically generated by MyBatis Generator, do not modify.
    -->
    update co_factory
    <set>
      <if test="ctype != null">
        ctype = #{ctype,jdbcType=VARCHAR},
      </if>
      <if test="fullName != null">
        full_name = #{fullName,jdbcType=VARCHAR},
      </if>
      <if test="factoryName != null">
        factory_name = #{factoryName,jdbcType=VARCHAR},
      </if>
      <if test="contacts != null">
        contacts = #{contacts,jdbcType=VARCHAR},
      </if>
      <if test="phone != null">
        phone = #{phone,jdbcType=VARCHAR},
      </if>
      <if test="mobile != null">
        mobile = #{mobile,jdbcType=VARCHAR},
      </if>
      <if test="fax != null">
        fax = #{fax,jdbcType=VARCHAR},
      </if>
      <if test="address != null">
        address = #{address,jdbcType=VARCHAR},
      </if>
      <if test="inspector != null">
        inspector = #{inspector,jdbcType=VARCHAR},
      </if>
      <if test="remark != null">
        remark = #{remark,jdbcType=VARCHAR},
      </if>
      <if test="orderNo != null">
        order_no = #{orderNo,jdbcType=DECIMAL},
      </if>
      <if test="state != null">
        state = #{state,jdbcType=CHAR},
      </if>
      <if test="createBy != null">
        create_by = #{createBy,jdbcType=VARCHAR},
      </if>
      <if test="createDept != null">
        create_dept = #{createDept,jdbcType=VARCHAR},
      </if>
      <if test="createTime != null">
        create_time = #{createTime,jdbcType=TIMESTAMP},
      </if>
      <if test="updateBy != null">
        update_by = #{updateBy,jdbcType=VARCHAR},
      </if>
      <if test="updateTime != null">
        update_time = #{updateTime,jdbcType=TIMESTAMP},
      </if>
      <if test="companyId != null">
        company_id = #{companyId,jdbcType=VARCHAR},
      </if>
      <if test="companyName != null">
        company_name = #{companyName,jdbcType=VARCHAR},
      </if>
    </set>
    where id = #{id,jdbcType=VARCHAR}
  </update>
  <update id="updateByPrimaryKey" parameterType="com.gyhqq.domain.cargo.Factory">
    <!--
      WARNING - @mbg.generated
      This element is automatically generated by MyBatis Generator, do not modify.
    -->
    update co_factory
    set ctype = #{ctype,jdbcType=VARCHAR},
      full_name = #{fullName,jdbcType=VARCHAR},
      factory_name = #{factoryName,jdbcType=VARCHAR},
      contacts = #{contacts,jdbcType=VARCHAR},
      phone = #{phone,jdbcType=VARCHAR},
      mobile = #{mobile,jdbcType=VARCHAR},
      fax = #{fax,jdbcType=VARCHAR},
      address = #{address,jdbcType=VARCHAR},
      inspector = #{inspector,jdbcType=VARCHAR},
      remark = #{remark,jdbcType=VARCHAR},
      order_no = #{orderNo,jdbcType=DECIMAL},
      state = #{state,jdbcType=CHAR},
      create_by = #{createBy,jdbcType=VARCHAR},
      create_dept = #{createDept,jdbcType=VARCHAR},
      create_time = #{createTime,jdbcType=TIMESTAMP},
      update_by = #{updateBy,jdbcType=VARCHAR},
      update_time = #{updateTime,jdbcType=TIMESTAMP},
      company_id = #{companyId,jdbcType=VARCHAR},
      company_name = #{companyName,jdbcType=VARCHAR}
    where id = #{id,jdbcType=VARCHAR}
  </update>
</mapper>