<?xml version="1.0" encoding="UTF-8"?>
<!DOCTYPE mapper PUBLIC "-//mybatis.org//DTD Mapper 3.0//EN" "http://mybatis.org/dtd/mybatis-3-mapper.dtd">
<mapper namespace="com.gyhqq.dao.cargo.FinanceDao">
  <resultMap id="BaseResultMap" type="com.gyhqq.domain.cargo.Finance">
    <!--
      WARNING - @mbg.generated
      This element is automatically generated by MyBatis Generator, do not modify.
    -->
    <id column="FINANCE_ID" jdbcType="VARCHAR" property="financeId" />
    <result column="INPUT_DATE" jdbcType="TIMESTAMP" property="inputDate" />
    <result column="INPUT_BY" jdbcType="VARCHAR" property="inputBy" />
    <result column="STATE" jdbcType="INTEGER" property="state" />
    <result column="CREATE_BY" jdbcType="VARCHAR" property="createBy" />
    <result column="CREATE_DEPT" jdbcType="VARCHAR" property="createDept" />
    <result column="CREATE_TIME" jdbcType="TIMESTAMP" property="createTime" />
  </resultMap>
  <sql id="Example_Where_Clause">
    <!--
      WARNING - @mbg.generated
      This element is automatically generated by MyBatis Generator, do not modify.
    -->
    <where>
      <foreach collection="oredCriteria" item="criteria" separator="or">
        <if test="criteria.valid">
          <trim prefix="(" prefixOverrides="and" suffix=")">
            <foreach collection="criteria.criteria" item="criterion">
              <choose>
                <when test="criterion.noValue">
                  and ${criterion.condition}
                </when>
                <when test="criterion.singleValue">
                  and ${criterion.condition} #{criterion.value}
                </when>
                <when test="criterion.betweenValue">
                  and ${criterion.condition} #{criterion.value} and #{criterion.secondValue}
                </when>
                <when test="criterion.listValue">
                  and ${criterion.condition}
                  <foreach close=")" collection="criterion.value" item="listItem" open="(" separator=",">
                    #{listItem}
                  </foreach>
                </when>
              </choose>
            </foreach>
          </trim>
        </if>
      </foreach>
    </where>
  </sql>
  <sql id="Base_Column_List">
    <!--
      WARNING - @mbg.generated
      This element is automatically generated by MyBatis Generator, do not modify.
    -->
    FINANCE_ID, INPUT_DATE, INPUT_BY, STATE, CREATE_BY, CREATE_DEPT, CREATE_TIME
  </sql>
  <select id="selectByExample" parameterType="com.gyhqq.domain.cargo.FinanceExample" resultMap="BaseResultMap">
    <!--
      WARNING - @mbg.generated
      This element is automatically generated by MyBatis Generator, do not modify.
    -->
    select
    <if test="distinct">
      distinct
    </if>
    <include refid="Base_Column_List" />
    from co_finance
    <if test="_parameter != null">
      <include refid="Example_Where_Clause" />
    </if>
    <if test="orderByClause != null">
      order by ${orderByClause}
    </if>
  </select>
  <select id="selectByPrimaryKey" parameterType="java.lang.String" resultMap="BaseResultMap">
    <!--
      WARNING - @mbg.generated
      This element is automatically generated by MyBatis Generator, do not modify.
    -->
    select 
    <include refid="Base_Column_List" />
    from co_finance
    where FINANCE_ID = #{financeId,jdbcType=VARCHAR}
  </select>
  <delete id="deleteByPrimaryKey" parameterType="java.lang.String">
    <!--
      WARNING - @mbg.generated
      This element is automatically generated by MyBatis Generator, do not modify.
    -->
    delete from co_finance
    where FINANCE_ID = #{financeId,jdbcType=VARCHAR}
  </delete>
  <insert id="insert" parameterType="com.gyhqq.domain.cargo.Finance">
    <!--
      WARNING - @mbg.generated
      This element is automatically generated by MyBatis Generator, do not modify.
    -->
    insert into co_finance (FINANCE_ID, INPUT_DATE, INPUT_BY, 
      STATE, CREATE_BY, CREATE_DEPT, 
      CREATE_TIME)
    values (#{financeId,jdbcType=VARCHAR}, #{inputDate,jdbcType=TIMESTAMP}, #{inputBy,jdbcType=VARCHAR}, 
      #{state,jdbcType=INTEGER}, #{createBy,jdbcType=VARCHAR}, #{createDept,jdbcType=VARCHAR}, 
      #{createTime,jdbcType=TIMESTAMP})
  </insert>

  <insert id="insertSelective" parameterType="com.gyhqq.domain.cargo.Finance">
    <!--
      WARNING - @mbg.generated
      This element is automatically generated by MyBatis Generator, do not modify.
    -->
    insert into co_finance
    <trim prefix="(" suffix=")" suffixOverrides=",">
      <if test="financeId != null">
        FINANCE_ID,
      </if>
      <if test="inputDate != null">
        INPUT_DATE,
      </if>
      <if test="inputBy != null">
        INPUT_BY,
      </if>
      <if test="state != null">
        STATE,
      </if>
      <if test="createBy != null">
        CREATE_BY,
      </if>
      <if test="createDept != null">
        CREATE_DEPT,
      </if>
      <if test="createTime != null">
        CREATE_TIME,
      </if>
    </trim>
    <trim prefix="values (" suffix=")" suffixOverrides=",">
      <if test="financeId != null">
        #{financeId,jdbcType=VARCHAR},
      </if>
      <if test="inputDate != null">
        #{inputDate,jdbcType=TIMESTAMP},
      </if>
      <if test="inputBy != null">
        #{inputBy,jdbcType=VARCHAR},
      </if>
      <if test="state != null">
        #{state,jdbcType=INTEGER},
      </if>
      <if test="createBy != null">
        #{createBy,jdbcType=VARCHAR},
      </if>
      <if test="createDept != null">
        #{createDept,jdbcType=VARCHAR},
      </if>
      <if test="createTime != null">
        #{createTime,jdbcType=TIMESTAMP},
      </if>
    </trim>
  </insert>
  <update id="updateByPrimaryKeySelective" parameterType="com.gyhqq.domain.cargo.Finance">
    <!--
      WARNING - @mbg.generated
      This element is automatically generated by MyBatis Generator, do not modify.
    -->
    update co_finance
    <set>
      <if test="inputDate != null">
        INPUT_DATE = #{inputDate,jdbcType=TIMESTAMP},
      </if>
      <if test="inputBy != null">
        INPUT_BY = #{inputBy,jdbcType=VARCHAR},
      </if>
      <if test="state != null">
        STATE = #{state,jdbcType=INTEGER},
      </if>
      <if test="createBy != null">
        CREATE_BY = #{createBy,jdbcType=VARCHAR},
      </if>
      <if test="createDept != null">
        CREATE_DEPT = #{createDept,jdbcType=VARCHAR},
      </if>
      <if test="createTime != null">
        CREATE_TIME = #{createTime,jdbcType=TIMESTAMP},
      </if>
    </set>
    where FINANCE_ID = #{financeId,jdbcType=VARCHAR}
  </update>
  <update id="updateByPrimaryKey" parameterType="com.gyhqq.domain.cargo.Finance">
    <!--
      WARNING - @mbg.generated
      This element is automatically generated by MyBatis Generator, do not modify.
    -->
    update co_finance
    set INPUT_DATE = #{inputDate,jdbcType=TIMESTAMP},
      INPUT_BY = #{inputBy,jdbcType=VARCHAR},
      STATE = #{state,jdbcType=INTEGER},
      CREATE_BY = #{createBy,jdbcType=VARCHAR},
      CREATE_DEPT = #{createDept,jdbcType=VARCHAR},
      CREATE_TIME = #{createTime,jdbcType=TIMESTAMP}
    where FINANCE_ID = #{financeId,jdbcType=VARCHAR}
  </update>
</mapper>