<?xml version="1.0" encoding="UTF-8"?>
<!DOCTYPE mapper PUBLIC "-//mybatis.org//DTD Mapper 3.0//EN" "http://mybatis.org/dtd/mybatis-3-mapper.dtd">
<mapper namespace="com.gyhqq.dao.cargo.InvoiceDao">
  <resultMap id="BaseResultMap" type="com.gyhqq.domain.cargo.Invoice">
    <!--
      WARNING - @mbg.generated
      This element is automatically generated by MyBatis Generator, do not modify.
    -->
    <id column="INVOICE_ID" jdbcType="VARCHAR" property="invoiceId" />
    <result column="SC_NO" jdbcType="VARCHAR" property="scNo" />
    <result column="BL_NO" jdbcType="VARCHAR" property="blNo" />
    <result column="TRADE_TERMS" jdbcType="VARCHAR" property="tradeTerms" />
    <result column="STATE" jdbcType="INTEGER" property="state" />
    <result column="CREATE_BY" jdbcType="VARCHAR" property="createBy" />
    <result column="CREATE_DEPT" jdbcType="VARCHAR" property="createDept" />
    <result column="CREATE_TIME" jdbcType="TIMESTAMP" property="createTime" />
  </resultMap>
  <sql id="Example_Where_Clause">
    <!--
      WARNING - @mbg.generated
      This element is automatically generated by MyBatis Generator, do not modify.
    -->
    <where>
      <foreach collection="oredCriteria" item="criteria" separator="or">
        <if test="criteria.valid">
          <trim prefix="(" prefixOverrides="and" suffix=")">
            <foreach collection="criteria.criteria" item="criterion">
              <choose>
                <when test="criterion.noValue">
                  and ${criterion.condition}
                </when>
                <when test="criterion.singleValue">
                  and ${criterion.condition} #{criterion.value}
                </when>
                <when test="criterion.betweenValue">
                  and ${criterion.condition} #{criterion.value} and #{criterion.secondValue}
                </when>
                <when test="criterion.listValue">
                  and ${criterion.condition}
                  <foreach close=")" collection="criterion.value" item="listItem" open="(" separator=",">
                    #{listItem}
                  </foreach>
                </when>
              </choose>
            </foreach>
          </trim>
        </if>
      </foreach>
    </where>
  </sql>
  <sql id="Base_Column_List">
    <!--
      WARNING - @mbg.generated
      This element is automatically generated by MyBatis Generator, do not modify.
    -->
    INVOICE_ID, SC_NO, BL_NO, TRADE_TERMS, STATE, CREATE_BY, CREATE_DEPT, CREATE_TIME
  </sql>
  <select id="selectByExample" parameterType="com.gyhqq.domain.cargo.InvoiceExample" resultMap="BaseResultMap">
    <!--
      WARNING - @mbg.generated
      This element is automatically generated by MyBatis Generator, do not modify.
    -->
    select
    <if test="distinct">
      distinct
    </if>
    <include refid="Base_Column_List" />
    from co_invoice
    <if test="_parameter != null">
      <include refid="Example_Where_Clause" />
    </if>
    <if test="orderByClause != null">
      order by ${orderByClause}
    </if>
  </select>
  <select id="selectByPrimaryKey" parameterType="java.lang.String" resultMap="BaseResultMap">
    <!--
      WARNING - @mbg.generated
      This element is automatically generated by MyBatis Generator, do not modify.
    -->
    select 
    <include refid="Base_Column_List" />
    from co_invoice
    where INVOICE_ID = #{invoiceId,jdbcType=VARCHAR}
  </select>
  <delete id="deleteByPrimaryKey" parameterType="java.lang.String">
    <!--
      WARNING - @mbg.generated
      This element is automatically generated by MyBatis Generator, do not modify.
    -->
    delete from co_invoice
    where INVOICE_ID = #{invoiceId,jdbcType=VARCHAR}
  </delete>
  <insert id="insert" parameterType="com.gyhqq.domain.cargo.Invoice">
    <!--
      WARNING - @mbg.generated
      This element is automatically generated by MyBatis Generator, do not modify.
    -->
    insert into co_invoice (INVOICE_ID, SC_NO, BL_NO, 
      TRADE_TERMS, STATE, CREATE_BY, 
      CREATE_DEPT, CREATE_TIME)
    values (#{invoiceId,jdbcType=VARCHAR}, #{scNo,jdbcType=VARCHAR}, #{blNo,jdbcType=VARCHAR}, 
      #{tradeTerms,jdbcType=VARCHAR}, #{state,jdbcType=INTEGER}, #{createBy,jdbcType=VARCHAR}, 
      #{createDept,jdbcType=VARCHAR}, #{createTime,jdbcType=TIMESTAMP})
  </insert>
  <insert id="insertSelective" parameterType="com.gyhqq.domain.cargo.Invoice">
    <!--
      WARNING - @mbg.generated
      This element is automatically generated by MyBatis Generator, do not modify.
    -->
    insert into co_invoice
    <trim prefix="(" suffix=")" suffixOverrides=",">
      <if test="invoiceId != null">
        INVOICE_ID,
      </if>
      <if test="scNo != null">
        SC_NO,
      </if>
      <if test="blNo != null">
        BL_NO,
      </if>
      <if test="tradeTerms != null">
        TRADE_TERMS,
      </if>
      <if test="state != null">
        STATE,
      </if>
      <if test="createBy != null">
        CREATE_BY,
      </if>
      <if test="createDept != null">
        CREATE_DEPT,
      </if>
      <if test="createTime != null">
        CREATE_TIME,
      </if>
    </trim>
    <trim prefix="values (" suffix=")" suffixOverrides=",">
      <if test="invoiceId != null">
        #{invoiceId,jdbcType=VARCHAR},
      </if>
      <if test="scNo != null">
        #{scNo,jdbcType=VARCHAR},
      </if>
      <if test="blNo != null">
        #{blNo,jdbcType=VARCHAR},
      </if>
      <if test="tradeTerms != null">
        #{tradeTerms,jdbcType=VARCHAR},
      </if>
      <if test="state != null">
        #{state,jdbcType=INTEGER},
      </if>
      <if test="createBy != null">
        #{createBy,jdbcType=VARCHAR},
      </if>
      <if test="createDept != null">
        #{createDept,jdbcType=VARCHAR},
      </if>
      <if test="createTime != null">
        #{createTime,jdbcType=TIMESTAMP},
      </if>
    </trim>
  </insert>
  <update id="updateByPrimaryKeySelective" parameterType="com.gyhqq.domain.cargo.Invoice">
    <!--
      WARNING - @mbg.generated
      This element is automatically generated by MyBatis Generator, do not modify.
    -->
    update co_invoice
    <set>
      <if test="scNo != null">
        SC_NO = #{scNo,jdbcType=VARCHAR},
      </if>
      <if test="blNo != null">
        BL_NO = #{blNo,jdbcType=VARCHAR},
      </if>
      <if test="tradeTerms != null">
        TRADE_TERMS = #{tradeTerms,jdbcType=VARCHAR},
      </if>
      <if test="state != null">
        STATE = #{state,jdbcType=INTEGER},
      </if>
      <if test="createBy != null">
        CREATE_BY = #{createBy,jdbcType=VARCHAR},
      </if>
      <if test="createDept != null">
        CREATE_DEPT = #{createDept,jdbcType=VARCHAR},
      </if>
      <if test="createTime != null">
        CREATE_TIME = #{createTime,jdbcType=TIMESTAMP},
      </if>
    </set>
    where INVOICE_ID = #{invoiceId,jdbcType=VARCHAR}
  </update>
  <update id="updateByPrimaryKey" parameterType="com.gyhqq.domain.cargo.Invoice">
    <!--
      WARNING - @mbg.generated
      This element is automatically generated by MyBatis Generator, do not modify.
    -->
    update co_invoice
    set SC_NO = #{scNo,jdbcType=VARCHAR},
      BL_NO = #{blNo,jdbcType=VARCHAR},
      TRADE_TERMS = #{tradeTerms,jdbcType=VARCHAR},
      STATE = #{state,jdbcType=INTEGER},
      CREATE_BY = #{createBy,jdbcType=VARCHAR},
      CREATE_DEPT = #{createDept,jdbcType=VARCHAR},
      CREATE_TIME = #{createTime,jdbcType=TIMESTAMP}
    where INVOICE_ID = #{invoiceId,jdbcType=VARCHAR}
  </update>
</mapper>