<?xml version="1.0" encoding="UTF-8"?>
<!DOCTYPE mapper PUBLIC "-//mybatis.org//DTD Mapper 3.0//EN" "http://mybatis.org/dtd/mybatis-3-mapper.dtd">
<mapper namespace="com.gyhqq.dao.cargo.PackingListDao">
  <resultMap id="BaseResultMap" type="com.gyhqq.domain.cargo.PackingList">
    <!--
      WARNING - @mbg.generated
      This element is automatically generated by MyBatis Generator, do not modify.
    -->
    <id column="packing_list_id" jdbcType="VARCHAR" property="packingListId" />
    <result column="seller" jdbcType="VARCHAR" property="seller" />
    <result column="buyer" jdbcType="VARCHAR" property="buyer" />
    <result column="invoice_no" jdbcType="VARCHAR" property="invoiceNo" />
    <result column="invoice_date" jdbcType="TIMESTAMP" property="invoiceDate" />
    <result column="marks" jdbcType="VARCHAR" property="marks" />
    <result column="descriptions" jdbcType="VARCHAR" property="descriptions" />
    <result column="export_ids" jdbcType="VARCHAR" property="exportIds" />
    <result column="export_nos" jdbcType="VARCHAR" property="exportNos" />
    <result column="state" jdbcType="DECIMAL" property="state" />
    <result column="create_by" jdbcType="VARCHAR" property="createBy" />
    <result column="create_dept" jdbcType="VARCHAR" property="createDept" />
    <result column="create_time" jdbcType="TIMESTAMP" property="createTime" />
    <result column="company_id" jdbcType="VARCHAR" property="companyId" />
    <result column="company_name" jdbcType="VARCHAR" property="companyName" />
  </resultMap>
  <sql id="Example_Where_Clause">
    <!--
      WARNING - @mbg.generated
      This element is automatically generated by MyBatis Generator, do not modify.
    -->
    <where>
      <foreach collection="oredCriteria" item="criteria" separator="or">
        <if test="criteria.valid">
          <trim prefix="(" prefixOverrides="and" suffix=")">
            <foreach collection="criteria.criteria" item="criterion">
              <choose>
                <when test="criterion.noValue">
                  and ${criterion.condition}
                </when>
                <when test="criterion.singleValue">
                  and ${criterion.condition} #{criterion.value}
                </when>
                <when test="criterion.betweenValue">
                  and ${criterion.condition} #{criterion.value} and #{criterion.secondValue}
                </when>
                <when test="criterion.listValue">
                  and ${criterion.condition}
                  <foreach close=")" collection="criterion.value" item="listItem" open="(" separator=",">
                    #{listItem}
                  </foreach>
                </when>
              </choose>
            </foreach>
          </trim>
        </if>
      </foreach>
    </where>
  </sql>
  <sql id="Base_Column_List">
    <!--
      WARNING - @mbg.generated
      This element is automatically generated by MyBatis Generator, do not modify.
    -->
    packing_list_id, seller, buyer, invoice_no, invoice_date, marks, descriptions, export_ids, 
    export_nos, state, create_by, create_dept, create_time, company_id, company_name
  </sql>
  <select id="selectByExample" parameterType="com.gyhqq.domain.cargo.PackingListExample" resultMap="BaseResultMap">
    <!--
      WARNING - @mbg.generated
      This element is automatically generated by MyBatis Generator, do not modify.
    -->
    select
    <if test="distinct">
      distinct
    </if>
    <include refid="Base_Column_List" />
    from co_packing_list
    <if test="_parameter != null">
      <include refid="Example_Where_Clause" />
    </if>
    <if test="orderByClause != null">
      order by ${orderByClause}
    </if>
  </select>
  <select id="selectByPrimaryKey" parameterType="java.lang.String" resultMap="BaseResultMap">
    <!--
      WARNING - @mbg.generated
      This element is automatically generated by MyBatis Generator, do not modify.
    -->
    select 
    <include refid="Base_Column_List" />
    from co_packing_list
    where packing_list_id = #{packingListId,jdbcType=VARCHAR}
  </select>
  <delete id="deleteByPrimaryKey" parameterType="java.lang.String">
    <!--
      WARNING - @mbg.generated
      This element is automatically generated by MyBatis Generator, do not modify.
    -->
    delete from co_packing_list
    where packing_list_id = #{packingListId,jdbcType=VARCHAR}
  </delete>
  <insert id="insert" parameterType="com.gyhqq.domain.cargo.PackingList">
    <!--
      WARNING - @mbg.generated
      This element is automatically generated by MyBatis Generator, do not modify.
    -->
    insert into co_packing_list (packing_list_id, seller, buyer, 
      invoice_no, invoice_date, marks, 
      descriptions, export_ids, export_nos, 
      state, create_by, create_dept, 
      create_time, company_id, company_name
      )
    values (#{packingListId,jdbcType=VARCHAR}, #{seller,jdbcType=VARCHAR}, #{buyer,jdbcType=VARCHAR}, 
      #{invoiceNo,jdbcType=VARCHAR}, #{invoiceDate,jdbcType=TIMESTAMP}, #{marks,jdbcType=VARCHAR}, 
      #{descriptions,jdbcType=VARCHAR}, #{exportIds,jdbcType=VARCHAR}, #{exportNos,jdbcType=VARCHAR}, 
      #{state,jdbcType=DECIMAL}, #{createBy,jdbcType=VARCHAR}, #{createDept,jdbcType=VARCHAR}, 
      #{createTime,jdbcType=TIMESTAMP}, #{companyId,jdbcType=VARCHAR}, #{companyName,jdbcType=VARCHAR}
      )
  </insert>
  <insert id="insertSelective" parameterType="com.gyhqq.domain.cargo.PackingList">
    <!--
      WARNING - @mbg.generated
      This element is automatically generated by MyBatis Generator, do not modify.
    -->
    insert into co_packing_list
    <trim prefix="(" suffix=")" suffixOverrides=",">
      <if test="packingListId != null">
        packing_list_id,
      </if>
      <if test="seller != null">
        seller,
      </if>
      <if test="buyer != null">
        buyer,
      </if>
      <if test="invoiceNo != null">
        invoice_no,
      </if>
      <if test="invoiceDate != null">
        invoice_date,
      </if>
      <if test="marks != null">
        marks,
      </if>
      <if test="descriptions != null">
        descriptions,
      </if>
      <if test="exportIds != null">
        export_ids,
      </if>
      <if test="exportNos != null">
        export_nos,
      </if>
      <if test="state != null">
        state,
      </if>
      <if test="createBy != null">
        create_by,
      </if>
      <if test="createDept != null">
        create_dept,
      </if>
      <if test="createTime != null">
        create_time,
      </if>
      <if test="companyId != null">
        company_id,
      </if>
      <if test="companyName != null">
        company_name,
      </if>
    </trim>
    <trim prefix="values (" suffix=")" suffixOverrides=",">
      <if test="packingListId != null">
        #{packingListId,jdbcType=VARCHAR},
      </if>
      <if test="seller != null">
        #{seller,jdbcType=VARCHAR},
      </if>
      <if test="buyer != null">
        #{buyer,jdbcType=VARCHAR},
      </if>
      <if test="invoiceNo != null">
        #{invoiceNo,jdbcType=VARCHAR},
      </if>
      <if test="invoiceDate != null">
        #{invoiceDate,jdbcType=TIMESTAMP},
      </if>
      <if test="marks != null">
        #{marks,jdbcType=VARCHAR},
      </if>
      <if test="descriptions != null">
        #{descriptions,jdbcType=VARCHAR},
      </if>
      <if test="exportIds != null">
        #{exportIds,jdbcType=VARCHAR},
      </if>
      <if test="exportNos != null">
        #{exportNos,jdbcType=VARCHAR},
      </if>
      <if test="state != null">
        #{state,jdbcType=DECIMAL},
      </if>
      <if test="createBy != null">
        #{createBy,jdbcType=VARCHAR},
      </if>
      <if test="createDept != null">
        #{createDept,jdbcType=VARCHAR},
      </if>
      <if test="createTime != null">
        #{createTime,jdbcType=TIMESTAMP},
      </if>
      <if test="companyId != null">
        #{companyId,jdbcType=VARCHAR},
      </if>
      <if test="companyName != null">
        #{companyName,jdbcType=VARCHAR},
      </if>
    </trim>
  </insert>
  <update id="updateByPrimaryKeySelective" parameterType="com.gyhqq.domain.cargo.PackingList">
    <!--
      WARNING - @mbg.generated
      This element is automatically generated by MyBatis Generator, do not modify.
    -->
    update co_packing_list
    <set>
      <if test="seller != null">
        seller = #{seller,jdbcType=VARCHAR},
      </if>
      <if test="buyer != null">
        buyer = #{buyer,jdbcType=VARCHAR},
      </if>
      <if test="invoiceNo != null">
        invoice_no = #{invoiceNo,jdbcType=VARCHAR},
      </if>
      <if test="invoiceDate != null">
        invoice_date = #{invoiceDate,jdbcType=TIMESTAMP},
      </if>
      <if test="marks != null">
        marks = #{marks,jdbcType=VARCHAR},
      </if>
      <if test="descriptions != null">
        descriptions = #{descriptions,jdbcType=VARCHAR},
      </if>
      <if test="exportIds != null">
        export_ids = #{exportIds,jdbcType=VARCHAR},
      </if>
      <if test="exportNos != null">
        export_nos = #{exportNos,jdbcType=VARCHAR},
      </if>
      <if test="state != null">
        state = #{state,jdbcType=DECIMAL},
      </if>
      <if test="createBy != null">
        create_by = #{createBy,jdbcType=VARCHAR},
      </if>
      <if test="createDept != null">
        create_dept = #{createDept,jdbcType=VARCHAR},
      </if>
      <if test="createTime != null">
        create_time = #{createTime,jdbcType=TIMESTAMP},
      </if>
      <if test="companyId != null">
        company_id = #{companyId,jdbcType=VARCHAR},
      </if>
      <if test="companyName != null">
        company_name = #{companyName,jdbcType=VARCHAR},
      </if>
    </set>
    where packing_list_id = #{packingListId,jdbcType=VARCHAR}
  </update>
  <update id="updateByPrimaryKey" parameterType="com.gyhqq.domain.cargo.PackingList">
    <!--
      WARNING - @mbg.generated
      This element is automatically generated by MyBatis Generator, do not modify.
    -->
    update co_packing_list
    set seller = #{seller,jdbcType=VARCHAR},
      buyer = #{buyer,jdbcType=VARCHAR},
      invoice_no = #{invoiceNo,jdbcType=VARCHAR},
      invoice_date = #{invoiceDate,jdbcType=TIMESTAMP},
      marks = #{marks,jdbcType=VARCHAR},
      descriptions = #{descriptions,jdbcType=VARCHAR},
      export_ids = #{exportIds,jdbcType=VARCHAR},
      export_nos = #{exportNos,jdbcType=VARCHAR},
      state = #{state,jdbcType=DECIMAL},
      create_by = #{createBy,jdbcType=VARCHAR},
      create_dept = #{createDept,jdbcType=VARCHAR},
      create_time = #{createTime,jdbcType=TIMESTAMP},
      company_id = #{companyId,jdbcType=VARCHAR},
      company_name = #{companyName,jdbcType=VARCHAR}
    where packing_list_id = #{packingListId,jdbcType=VARCHAR}
  </update>
</mapper>