<?xml version="1.0" encoding="UTF-8"?>
<!DOCTYPE mapper PUBLIC "-//mybatis.org//DTD Mapper 3.0//EN" "http://mybatis.org/dtd/mybatis-3-mapper.dtd">
<mapper namespace="com.gyhqq.dao.cargo.ShippingOrderDao">
  <resultMap id="BaseResultMap" type="com.gyhqq.domain.cargo.ShippingOrder">
    <!--
      WARNING - @mbg.generated
      This element is automatically generated by MyBatis Generator, do not modify.
    -->
    <id column="shipping_order_id" jdbcType="VARCHAR" property="shippingOrderId" />
    <result column="order_type" jdbcType="VARCHAR" property="orderType" />
    <result column="shipper" jdbcType="VARCHAR" property="shipper" />
    <result column="consignee" jdbcType="VARCHAR" property="consignee" />
    <result column="notify_party" jdbcType="VARCHAR" property="notifyParty" />
    <result column="lc_no" jdbcType="VARCHAR" property="lcNo" />
    <result column="port_of_loading" jdbcType="VARCHAR" property="portOfLoading" />
    <result column="port_of_trans" jdbcType="VARCHAR" property="portOfTrans" />
    <result column="port_of_discharge" jdbcType="VARCHAR" property="portOfDischarge" />
    <result column="loading_date" jdbcType="TIMESTAMP" property="loadingDate" />
    <result column="limit_date" jdbcType="TIMESTAMP" property="limitDate" />
    <result column="is_batch" jdbcType="CHAR" property="isBatch" />
    <result column="is_trans" jdbcType="CHAR" property="isTrans" />
    <result column="copy_num" jdbcType="VARCHAR" property="copyNum" />
    <result column="remark" jdbcType="VARCHAR" property="remark" />
    <result column="special_condition" jdbcType="VARCHAR" property="specialCondition" />
    <result column="freight" jdbcType="VARCHAR" property="freight" />
    <result column="check_by" jdbcType="VARCHAR" property="checkBy" />
    <result column="state" jdbcType="INTEGER" property="state" />
    <result column="create_by" jdbcType="VARCHAR" property="createBy" />
    <result column="create_dept" jdbcType="VARCHAR" property="createDept" />
    <result column="create_time" jdbcType="TIMESTAMP" property="createTime" />
    <result column="company_id" jdbcType="VARCHAR" property="companyId" />
    <result column="company_name" jdbcType="VARCHAR" property="companyName" />
  </resultMap>
  <sql id="Example_Where_Clause">
    <!--
      WARNING - @mbg.generated
      This element is automatically generated by MyBatis Generator, do not modify.
    -->
    <where>
      <foreach collection="oredCriteria" item="criteria" separator="or">
        <if test="criteria.valid">
          <trim prefix="(" prefixOverrides="and" suffix=")">
            <foreach collection="criteria.criteria" item="criterion">
              <choose>
                <when test="criterion.noValue">
                  and ${criterion.condition}
                </when>
                <when test="criterion.singleValue">
                  and ${criterion.condition} #{criterion.value}
                </when>
                <when test="criterion.betweenValue">
                  and ${criterion.condition} #{criterion.value} and #{criterion.secondValue}
                </when>
                <when test="criterion.listValue">
                  and ${criterion.condition}
                  <foreach close=")" collection="criterion.value" item="listItem" open="(" separator=",">
                    #{listItem}
                  </foreach>
                </when>
              </choose>
            </foreach>
          </trim>
        </if>
      </foreach>
    </where>
  </sql>
  <sql id="Base_Column_List">
    <!--
      WARNING - @mbg.generated
      This element is automatically generated by MyBatis Generator, do not modify.
    -->
    shipping_order_id, order_type, shipper, consignee, notify_party, lc_no, port_of_loading, 
    port_of_trans, port_of_discharge, loading_date, limit_date, is_batch, is_trans, copy_num, 
    remark, special_condition, freight, check_by, state, create_by, create_dept, create_time, 
    company_id, company_name
  </sql>
  <select id="selectByExample" parameterType="com.gyhqq.domain.cargo.ShippingOrderExample" resultMap="BaseResultMap">
    <!--
      WARNING - @mbg.generated
      This element is automatically generated by MyBatis Generator, do not modify.
    -->
    select
    <if test="distinct">
      distinct
    </if>
    <include refid="Base_Column_List" />
    from co_shipping_order
    <if test="_parameter != null">
      <include refid="Example_Where_Clause" />
    </if>
    <if test="orderByClause != null">
      order by ${orderByClause}
    </if>
  </select>
  <select id="selectByPrimaryKey" parameterType="java.lang.String" resultMap="BaseResultMap">
    <!--
      WARNING - @mbg.generated
      This element is automatically generated by MyBatis Generator, do not modify.
    -->
    select 
    <include refid="Base_Column_List" />
    from co_shipping_order
    where shipping_order_id = #{shippingOrderId,jdbcType=VARCHAR}
  </select>
  <delete id="deleteByPrimaryKey" parameterType="java.lang.String">
    <!--
      WARNING - @mbg.generated
      This element is automatically generated by MyBatis Generator, do not modify.
    -->
    delete from co_shipping_order
    where shipping_order_id = #{shippingOrderId,jdbcType=VARCHAR}
  </delete>
  <insert id="insert" parameterType="com.gyhqq.domain.cargo.ShippingOrder">
    <!--
      WARNING - @mbg.generated
      This element is automatically generated by MyBatis Generator, do not modify.
    -->
    insert into co_shipping_order (shipping_order_id, order_type, shipper, 
      consignee, notify_party, lc_no, 
      port_of_loading, port_of_trans, port_of_discharge, 
      loading_date, limit_date, is_batch, 
      is_trans, copy_num, remark, 
      special_condition, freight, check_by, 
      state, create_by, create_dept, 
      create_time, company_id, company_name
      )
    values (#{shippingOrderId,jdbcType=VARCHAR}, #{orderType,jdbcType=VARCHAR}, #{shipper,jdbcType=VARCHAR}, 
      #{consignee,jdbcType=VARCHAR}, #{notifyParty,jdbcType=VARCHAR}, #{lcNo,jdbcType=VARCHAR}, 
      #{portOfLoading,jdbcType=VARCHAR}, #{portOfTrans,jdbcType=VARCHAR}, #{portOfDischarge,jdbcType=VARCHAR}, 
      #{loadingDate,jdbcType=TIMESTAMP}, #{limitDate,jdbcType=TIMESTAMP}, #{isBatch,jdbcType=CHAR}, 
      #{isTrans,jdbcType=CHAR}, #{copyNum,jdbcType=VARCHAR}, #{remark,jdbcType=VARCHAR}, 
      #{specialCondition,jdbcType=VARCHAR}, #{freight,jdbcType=VARCHAR}, #{checkBy,jdbcType=VARCHAR}, 
      #{state,jdbcType=INTEGER}, #{createBy,jdbcType=VARCHAR}, #{createDept,jdbcType=VARCHAR}, 
      #{createTime,jdbcType=TIMESTAMP}, #{companyId,jdbcType=VARCHAR}, #{companyName,jdbcType=VARCHAR}
      )
  </insert>
  <insert id="insertSelective" parameterType="com.gyhqq.domain.cargo.ShippingOrder">
    <!--
      WARNING - @mbg.generated
      This element is automatically generated by MyBatis Generator, do not modify.
    -->
    insert into co_shipping_order
    <trim prefix="(" suffix=")" suffixOverrides=",">
      <if test="shippingOrderId != null">
        shipping_order_id,
      </if>
      <if test="orderType != null">
        order_type,
      </if>
      <if test="shipper != null">
        shipper,
      </if>
      <if test="consignee != null">
        consignee,
      </if>
      <if test="notifyParty != null">
        notify_party,
      </if>
      <if test="lcNo != null">
        lc_no,
      </if>
      <if test="portOfLoading != null">
        port_of_loading,
      </if>
      <if test="portOfTrans != null">
        port_of_trans,
      </if>
      <if test="portOfDischarge != null">
        port_of_discharge,
      </if>
      <if test="loadingDate != null">
        loading_date,
      </if>
      <if test="limitDate != null">
        limit_date,
      </if>
      <if test="isBatch != null">
        is_batch,
      </if>
      <if test="isTrans != null">
        is_trans,
      </if>
      <if test="copyNum != null">
        copy_num,
      </if>
      <if test="remark != null">
        remark,
      </if>
      <if test="specialCondition != null">
        special_condition,
      </if>
      <if test="freight != null">
        freight,
      </if>
      <if test="checkBy != null">
        check_by,
      </if>
      <if test="state != null">
        state,
      </if>
      <if test="createBy != null">
        create_by,
      </if>
      <if test="createDept != null">
        create_dept,
      </if>
      <if test="createTime != null">
        create_time,
      </if>
      <if test="companyId != null">
        company_id,
      </if>
      <if test="companyName != null">
        company_name,
      </if>
    </trim>
    <trim prefix="values (" suffix=")" suffixOverrides=",">
      <if test="shippingOrderId != null">
        #{shippingOrderId,jdbcType=VARCHAR},
      </if>
      <if test="orderType != null">
        #{orderType,jdbcType=VARCHAR},
      </if>
      <if test="shipper != null">
        #{shipper,jdbcType=VARCHAR},
      </if>
      <if test="consignee != null">
        #{consignee,jdbcType=VARCHAR},
      </if>
      <if test="notifyParty != null">
        #{notifyParty,jdbcType=VARCHAR},
      </if>
      <if test="lcNo != null">
        #{lcNo,jdbcType=VARCHAR},
      </if>
      <if test="portOfLoading != null">
        #{portOfLoading,jdbcType=VARCHAR},
      </if>
      <if test="portOfTrans != null">
        #{portOfTrans,jdbcType=VARCHAR},
      </if>
      <if test="portOfDischarge != null">
        #{portOfDischarge,jdbcType=VARCHAR},
      </if>
      <if test="loadingDate != null">
        #{loadingDate,jdbcType=TIMESTAMP},
      </if>
      <if test="limitDate != null">
        #{limitDate,jdbcType=TIMESTAMP},
      </if>
      <if test="isBatch != null">
        #{isBatch,jdbcType=CHAR},
      </if>
      <if test="isTrans != null">
        #{isTrans,jdbcType=CHAR},
      </if>
      <if test="copyNum != null">
        #{copyNum,jdbcType=VARCHAR},
      </if>
      <if test="remark != null">
        #{remark,jdbcType=VARCHAR},
      </if>
      <if test="specialCondition != null">
        #{specialCondition,jdbcType=VARCHAR},
      </if>
      <if test="freight != null">
        #{freight,jdbcType=VARCHAR},
      </if>
      <if test="checkBy != null">
        #{checkBy,jdbcType=VARCHAR},
      </if>
      <if test="state != null">
        #{state,jdbcType=INTEGER},
      </if>
      <if test="createBy != null">
        #{createBy,jdbcType=VARCHAR},
      </if>
      <if test="createDept != null">
        #{createDept,jdbcType=VARCHAR},
      </if>
      <if test="createTime != null">
        #{createTime,jdbcType=TIMESTAMP},
      </if>
      <if test="companyId != null">
        #{companyId,jdbcType=VARCHAR},
      </if>
      <if test="companyName != null">
        #{companyName,jdbcType=VARCHAR},
      </if>
    </trim>
  </insert>
  <update id="updateByPrimaryKeySelective" parameterType="com.gyhqq.domain.cargo.ShippingOrder">
    <!--
      WARNING - @mbg.generated
      This element is automatically generated by MyBatis Generator, do not modify.
    -->
    update co_shipping_order
    <set>
      <if test="orderType != null">
        order_type = #{orderType,jdbcType=VARCHAR},
      </if>
      <if test="shipper != null">
        shipper = #{shipper,jdbcType=VARCHAR},
      </if>
      <if test="consignee != null">
        consignee = #{consignee,jdbcType=VARCHAR},
      </if>
      <if test="notifyParty != null">
        notify_party = #{notifyParty,jdbcType=VARCHAR},
      </if>
      <if test="lcNo != null">
        lc_no = #{lcNo,jdbcType=VARCHAR},
      </if>
      <if test="portOfLoading != null">
        port_of_loading = #{portOfLoading,jdbcType=VARCHAR},
      </if>
      <if test="portOfTrans != null">
        port_of_trans = #{portOfTrans,jdbcType=VARCHAR},
      </if>
      <if test="portOfDischarge != null">
        port_of_discharge = #{portOfDischarge,jdbcType=VARCHAR},
      </if>
      <if test="loadingDate != null">
        loading_date = #{loadingDate,jdbcType=TIMESTAMP},
      </if>
      <if test="limitDate != null">
        limit_date = #{limitDate,jdbcType=TIMESTAMP},
      </if>
      <if test="isBatch != null">
        is_batch = #{isBatch,jdbcType=CHAR},
      </if>
      <if test="isTrans != null">
        is_trans = #{isTrans,jdbcType=CHAR},
      </if>
      <if test="copyNum != null">
        copy_num = #{copyNum,jdbcType=VARCHAR},
      </if>
      <if test="remark != null">
        remark = #{remark,jdbcType=VARCHAR},
      </if>
      <if test="specialCondition != null">
        special_condition = #{specialCondition,jdbcType=VARCHAR},
      </if>
      <if test="freight != null">
        freight = #{freight,jdbcType=VARCHAR},
      </if>
      <if test="checkBy != null">
        check_by = #{checkBy,jdbcType=VARCHAR},
      </if>
      <if test="state != null">
        state = #{state,jdbcType=INTEGER},
      </if>
      <if test="createBy != null">
        create_by = #{createBy,jdbcType=VARCHAR},
      </if>
      <if test="createDept != null">
        create_dept = #{createDept,jdbcType=VARCHAR},
      </if>
      <if test="createTime != null">
        create_time = #{createTime,jdbcType=TIMESTAMP},
      </if>
      <if test="companyId != null">
        company_id = #{companyId,jdbcType=VARCHAR},
      </if>
      <if test="companyName != null">
        company_name = #{companyName,jdbcType=VARCHAR},
      </if>
    </set>
    where shipping_order_id = #{shippingOrderId,jdbcType=VARCHAR}
  </update>
  <update id="updateByPrimaryKey" parameterType="com.gyhqq.domain.cargo.ShippingOrder">
    <!--
      WARNING - @mbg.generated
      This element is automatically generated by MyBatis Generator, do not modify.
    -->
    update co_shipping_order
    set order_type = #{orderType,jdbcType=VARCHAR},
      shipper = #{shipper,jdbcType=VARCHAR},
      consignee = #{consignee,jdbcType=VARCHAR},
      notify_party = #{notifyParty,jdbcType=VARCHAR},
      lc_no = #{lcNo,jdbcType=VARCHAR},
      port_of_loading = #{portOfLoading,jdbcType=VARCHAR},
      port_of_trans = #{portOfTrans,jdbcType=VARCHAR},
      port_of_discharge = #{portOfDischarge,jdbcType=VARCHAR},
      loading_date = #{loadingDate,jdbcType=TIMESTAMP},
      limit_date = #{limitDate,jdbcType=TIMESTAMP},
      is_batch = #{isBatch,jdbcType=CHAR},
      is_trans = #{isTrans,jdbcType=CHAR},
      copy_num = #{copyNum,jdbcType=VARCHAR},
      remark = #{remark,jdbcType=VARCHAR},
      special_condition = #{specialCondition,jdbcType=VARCHAR},
      freight = #{freight,jdbcType=VARCHAR},
      check_by = #{checkBy,jdbcType=VARCHAR},
      state = #{state,jdbcType=INTEGER},
      create_by = #{createBy,jdbcType=VARCHAR},
      create_dept = #{createDept,jdbcType=VARCHAR},
      create_time = #{createTime,jdbcType=TIMESTAMP},
      company_id = #{companyId,jdbcType=VARCHAR},
      company_name = #{companyName,jdbcType=VARCHAR}
    where shipping_order_id = #{shippingOrderId,jdbcType=VARCHAR}
  </update>
</mapper>