<?xml version="1.0" encoding="UTF-8"?>
<!DOCTYPE mapper PUBLIC "-//mybatis.org//DTD Mapper 3.0//EN" "http://mybatis.org/dtd/mybatis-3-mapper.dtd">
<mapper namespace="com.gyhqq.dao.message.ProductDao">
  <resultMap id="BaseResultMap" type="com.gyhqq.domain.message.Product">
    <!--
      WARNING - @mbg.generated
      This element is automatically generated by MyBatis Generator, do not modify.
    -->
    <id column="ID" jdbcType="VARCHAR" property="id" />
    <result column="PRODUCT_NO" jdbcType="VARCHAR" property="productNo" />
    <result column="PRODUCT_IMAGE" jdbcType="VARCHAR" property="productImage" />
    <result column="DESCRIPTION" jdbcType="VARCHAR" property="description" />
    <result column="FACTORY_ID" jdbcType="VARCHAR" property="factoryId" />
    <result column="FACTORY_NAME" jdbcType="VARCHAR" property="factoryName" />
    <result column="PRICE" jdbcType="DECIMAL" property="price" />
    <result column="SIZE_LENGHT" jdbcType="DECIMAL" property="sizeLenght" />
    <result column="SIZE_WIDTH" jdbcType="DECIMAL" property="sizeWidth" />
    <result column="SIZE_HEIGHT" jdbcType="DECIMAL" property="sizeHeight" />
    <result column="COLOR" jdbcType="VARCHAR" property="color" />
    <result column="PACKING" jdbcType="VARCHAR" property="packing" />
    <result column="PACKING_UNIT" jdbcType="VARCHAR" property="packingUnit" />
    <result column="TYPE20" jdbcType="DECIMAL" property="type20" />
    <result column="TYPE40" jdbcType="DECIMAL" property="type40" />
    <result column="TYPE40HC" jdbcType="DECIMAL" property="type40hc" />
    <result column="QTY" jdbcType="INTEGER" property="qty" />
    <result column="CBM" jdbcType="DECIMAL" property="cbm" />
    <result column="MPSIZE_LENGHT" jdbcType="DECIMAL" property="mpsizeLenght" />
    <result column="MPSIZE_WIDTH" jdbcType="DECIMAL" property="mpsizeWidth" />
    <result column="MPSIZE_HEIGHT" jdbcType="DECIMAL" property="mpsizeHeight" />
    <result column="REMARK" jdbcType="VARCHAR" property="remark" />
    <result column="INPUT_TIME" jdbcType="TIMESTAMP" property="inputTime" />
    <result column="CREATE_BY" jdbcType="VARCHAR" property="createBy" />
    <result column="CREATE_DEPT" jdbcType="VARCHAR" property="createDept" />
    <result column="CREATE_TIME" jdbcType="TIMESTAMP" property="createTime" />
    <result column="company_id" jdbcType="VARCHAR" property="companyId" />
    <result column="company_name" jdbcType="VARCHAR" property="companyName" />
  </resultMap>
  <sql id="Example_Where_Clause">
    <!--
      WARNING - @mbg.generated
      This element is automatically generated by MyBatis Generator, do not modify.
    -->
    <where>
      <foreach collection="oredCriteria" item="criteria" separator="or">
        <if test="criteria.valid">
          <trim prefix="(" prefixOverrides="and" suffix=")">
            <foreach collection="criteria.criteria" item="criterion">
              <choose>
                <when test="criterion.noValue">
                  and ${criterion.condition}
                </when>
                <when test="criterion.singleValue">
                  and ${criterion.condition} #{criterion.value}
                </when>
                <when test="criterion.betweenValue">
                  and ${criterion.condition} #{criterion.value} and #{criterion.secondValue}
                </when>
                <when test="criterion.listValue">
                  and ${criterion.condition}
                  <foreach close=")" collection="criterion.value" item="listItem" open="(" separator=",">
                    #{listItem}
                  </foreach>
                </when>
              </choose>
            </foreach>
          </trim>
        </if>
      </foreach>
    </where>
  </sql>
  <sql id="Base_Column_List">
    <!--
      WARNING - @mbg.generated
      This element is automatically generated by MyBatis Generator, do not modify.
    -->
    ID, PRODUCT_NO, PRODUCT_IMAGE, DESCRIPTION, FACTORY_ID, FACTORY_NAME, PRICE, SIZE_LENGHT, 
    SIZE_WIDTH, SIZE_HEIGHT, COLOR, PACKING, PACKING_UNIT, TYPE20, TYPE40, TYPE40HC, 
    QTY, CBM, MPSIZE_LENGHT, MPSIZE_WIDTH, MPSIZE_HEIGHT, REMARK, INPUT_TIME, CREATE_BY, 
    CREATE_DEPT, CREATE_TIME, company_id, company_name
  </sql>
  <select id="selectByExample" parameterType="com.gyhqq.domain.message.ProductExample" resultMap="BaseResultMap">
    <!--
      WARNING - @mbg.generated
      This element is automatically generated by MyBatis Generator, do not modify.
    -->
    select
    <if test="distinct">
      distinct
    </if>
    <include refid="Base_Column_List" />
    from co_product
    <if test="_parameter != null">
      <include refid="Example_Where_Clause" />
    </if>
    <if test="orderByClause != null">
      order by ${orderByClause}
    </if>
  </select>
  <select id="selectByPrimaryKey" parameterType="java.lang.String" resultMap="BaseResultMap">
    <!--
      WARNING - @mbg.generated
      This element is automatically generated by MyBatis Generator, do not modify.
    -->
    select 
    <include refid="Base_Column_List" />
    from co_product
    where ID = #{id,jdbcType=VARCHAR}
  </select>
  <delete id="deleteByPrimaryKey" parameterType="java.lang.String">
    <!--
      WARNING - @mbg.generated
      This element is automatically generated by MyBatis Generator, do not modify.
    -->
    delete from co_product
    where ID = #{id,jdbcType=VARCHAR}
  </delete>
  <insert id="insert" parameterType="com.gyhqq.domain.message.Product">
    <!--
      WARNING - @mbg.generated
      This element is automatically generated by MyBatis Generator, do not modify.
    -->
    insert into co_product (ID, PRODUCT_NO, PRODUCT_IMAGE, 
      DESCRIPTION, FACTORY_ID, FACTORY_NAME, 
      PRICE, SIZE_LENGHT, SIZE_WIDTH, 
      SIZE_HEIGHT, COLOR, PACKING, 
      PACKING_UNIT, TYPE20, TYPE40, 
      TYPE40HC, QTY, CBM, 
      MPSIZE_LENGHT, MPSIZE_WIDTH, MPSIZE_HEIGHT, 
      REMARK, INPUT_TIME, CREATE_BY, 
      CREATE_DEPT, CREATE_TIME, company_id, 
      company_name)
    values (#{id,jdbcType=VARCHAR}, #{productNo,jdbcType=VARCHAR}, #{productImage,jdbcType=VARCHAR}, 
      #{description,jdbcType=VARCHAR}, #{factoryId,jdbcType=VARCHAR}, #{factoryName,jdbcType=VARCHAR}, 
      #{price,jdbcType=DECIMAL}, #{sizeLenght,jdbcType=DECIMAL}, #{sizeWidth,jdbcType=DECIMAL}, 
      #{sizeHeight,jdbcType=DECIMAL}, #{color,jdbcType=VARCHAR}, #{packing,jdbcType=VARCHAR}, 
      #{packingUnit,jdbcType=VARCHAR}, #{type20,jdbcType=DECIMAL}, #{type40,jdbcType=DECIMAL}, 
      #{type40hc,jdbcType=DECIMAL}, #{qty,jdbcType=INTEGER}, #{cbm,jdbcType=DECIMAL}, 
      #{mpsizeLenght,jdbcType=DECIMAL}, #{mpsizeWidth,jdbcType=DECIMAL}, #{mpsizeHeight,jdbcType=DECIMAL}, 
      #{remark,jdbcType=VARCHAR}, #{inputTime,jdbcType=TIMESTAMP}, #{createBy,jdbcType=VARCHAR}, 
      #{createDept,jdbcType=VARCHAR}, #{createTime,jdbcType=TIMESTAMP}, #{companyId,jdbcType=VARCHAR}, 
      #{companyName,jdbcType=VARCHAR})
  </insert>
  <insert id="insertSelective" parameterType="com.gyhqq.domain.message.Product">
    <!--
      WARNING - @mbg.generated
      This element is automatically generated by MyBatis Generator, do not modify.
    -->
    insert into co_product
    <trim prefix="(" suffix=")" suffixOverrides=",">
      <if test="id != null">
        ID,
      </if>
      <if test="productNo != null">
        PRODUCT_NO,
      </if>
      <if test="productImage != null">
        PRODUCT_IMAGE,
      </if>
      <if test="description != null">
        DESCRIPTION,
      </if>
      <if test="factoryId != null">
        FACTORY_ID,
      </if>
      <if test="factoryName != null">
        FACTORY_NAME,
      </if>
      <if test="price != null">
        PRICE,
      </if>
      <if test="sizeLenght != null">
        SIZE_LENGHT,
      </if>
      <if test="sizeWidth != null">
        SIZE_WIDTH,
      </if>
      <if test="sizeHeight != null">
        SIZE_HEIGHT,
      </if>
      <if test="color != null">
        COLOR,
      </if>
      <if test="packing != null">
        PACKING,
      </if>
      <if test="packingUnit != null">
        PACKING_UNIT,
      </if>
      <if test="type20 != null">
        TYPE20,
      </if>
      <if test="type40 != null">
        TYPE40,
      </if>
      <if test="type40hc != null">
        TYPE40HC,
      </if>
      <if test="qty != null">
        QTY,
      </if>
      <if test="cbm != null">
        CBM,
      </if>
      <if test="mpsizeLenght != null">
        MPSIZE_LENGHT,
      </if>
      <if test="mpsizeWidth != null">
        MPSIZE_WIDTH,
      </if>
      <if test="mpsizeHeight != null">
        MPSIZE_HEIGHT,
      </if>
      <if test="remark != null">
        REMARK,
      </if>
      <if test="inputTime != null">
        INPUT_TIME,
      </if>
      <if test="createBy != null">
        CREATE_BY,
      </if>
      <if test="createDept != null">
        CREATE_DEPT,
      </if>
      <if test="createTime != null">
        CREATE_TIME,
      </if>
      <if test="companyId != null">
        company_id,
      </if>
      <if test="companyName != null">
        company_name,
      </if>
    </trim>
    <trim prefix="values (" suffix=")" suffixOverrides=",">
      <if test="id != null">
        #{id,jdbcType=VARCHAR},
      </if>
      <if test="productNo != null">
        #{productNo,jdbcType=VARCHAR},
      </if>
      <if test="productImage != null">
        #{productImage,jdbcType=VARCHAR},
      </if>
      <if test="description != null">
        #{description,jdbcType=VARCHAR},
      </if>
      <if test="factoryId != null">
        #{factoryId,jdbcType=VARCHAR},
      </if>
      <if test="factoryName != null">
        #{factoryName,jdbcType=VARCHAR},
      </if>
      <if test="price != null">
        #{price,jdbcType=DECIMAL},
      </if>
      <if test="sizeLenght != null">
        #{sizeLenght,jdbcType=DECIMAL},
      </if>
      <if test="sizeWidth != null">
        #{sizeWidth,jdbcType=DECIMAL},
      </if>
      <if test="sizeHeight != null">
        #{sizeHeight,jdbcType=DECIMAL},
      </if>
      <if test="color != null">
        #{color,jdbcType=VARCHAR},
      </if>
      <if test="packing != null">
        #{packing,jdbcType=VARCHAR},
      </if>
      <if test="packingUnit != null">
        #{packingUnit,jdbcType=VARCHAR},
      </if>
      <if test="type20 != null">
        #{type20,jdbcType=DECIMAL},
      </if>
      <if test="type40 != null">
        #{type40,jdbcType=DECIMAL},
      </if>
      <if test="type40hc != null">
        #{type40hc,jdbcType=DECIMAL},
      </if>
      <if test="qty != null">
        #{qty,jdbcType=INTEGER},
      </if>
      <if test="cbm != null">
        #{cbm,jdbcType=DECIMAL},
      </if>
      <if test="mpsizeLenght != null">
        #{mpsizeLenght,jdbcType=DECIMAL},
      </if>
      <if test="mpsizeWidth != null">
        #{mpsizeWidth,jdbcType=DECIMAL},
      </if>
      <if test="mpsizeHeight != null">
        #{mpsizeHeight,jdbcType=DECIMAL},
      </if>
      <if test="remark != null">
        #{remark,jdbcType=VARCHAR},
      </if>
      <if test="inputTime != null">
        #{inputTime,jdbcType=TIMESTAMP},
      </if>
      <if test="createBy != null">
        #{createBy,jdbcType=VARCHAR},
      </if>
      <if test="createDept != null">
        #{createDept,jdbcType=VARCHAR},
      </if>
      <if test="createTime != null">
        #{createTime,jdbcType=TIMESTAMP},
      </if>
      <if test="companyId != null">
        #{companyId,jdbcType=VARCHAR},
      </if>
      <if test="companyName != null">
        #{companyName,jdbcType=VARCHAR},
      </if>
    </trim>
  </insert>
  <update id="updateByPrimaryKeySelective" parameterType="com.gyhqq.domain.message.Product">
    <!--
      WARNING - @mbg.generated
      This element is automatically generated by MyBatis Generator, do not modify.
    -->
    update co_product
    <set>
      <if test="productNo != null">
        PRODUCT_NO = #{productNo,jdbcType=VARCHAR},
      </if>
      <if test="productImage != null">
        PRODUCT_IMAGE = #{productImage,jdbcType=VARCHAR},
      </if>
      <if test="description != null">
        DESCRIPTION = #{description,jdbcType=VARCHAR},
      </if>
      <if test="factoryId != null">
        FACTORY_ID = #{factoryId,jdbcType=VARCHAR},
      </if>
      <if test="factoryName != null">
        FACTORY_NAME = #{factoryName,jdbcType=VARCHAR},
      </if>
      <if test="price != null">
        PRICE = #{price,jdbcType=DECIMAL},
      </if>
      <if test="sizeLenght != null">
        SIZE_LENGHT = #{sizeLenght,jdbcType=DECIMAL},
      </if>
      <if test="sizeWidth != null">
        SIZE_WIDTH = #{sizeWidth,jdbcType=DECIMAL},
      </if>
      <if test="sizeHeight != null">
        SIZE_HEIGHT = #{sizeHeight,jdbcType=DECIMAL},
      </if>
      <if test="color != null">
        COLOR = #{color,jdbcType=VARCHAR},
      </if>
      <if test="packing != null">
        PACKING = #{packing,jdbcType=VARCHAR},
      </if>
      <if test="packingUnit != null">
        PACKING_UNIT = #{packingUnit,jdbcType=VARCHAR},
      </if>
      <if test="type20 != null">
        TYPE20 = #{type20,jdbcType=DECIMAL},
      </if>
      <if test="type40 != null">
        TYPE40 = #{type40,jdbcType=DECIMAL},
      </if>
      <if test="type40hc != null">
        TYPE40HC = #{type40hc,jdbcType=DECIMAL},
      </if>
      <if test="qty != null">
        QTY = #{qty,jdbcType=INTEGER},
      </if>
      <if test="cbm != null">
        CBM = #{cbm,jdbcType=DECIMAL},
      </if>
      <if test="mpsizeLenght != null">
        MPSIZE_LENGHT = #{mpsizeLenght,jdbcType=DECIMAL},
      </if>
      <if test="mpsizeWidth != null">
        MPSIZE_WIDTH = #{mpsizeWidth,jdbcType=DECIMAL},
      </if>
      <if test="mpsizeHeight != null">
        MPSIZE_HEIGHT = #{mpsizeHeight,jdbcType=DECIMAL},
      </if>
      <if test="remark != null">
        REMARK = #{remark,jdbcType=VARCHAR},
      </if>
      <if test="inputTime != null">
        INPUT_TIME = #{inputTime,jdbcType=TIMESTAMP},
      </if>
      <if test="createBy != null">
        CREATE_BY = #{createBy,jdbcType=VARCHAR},
      </if>
      <if test="createDept != null">
        CREATE_DEPT = #{createDept,jdbcType=VARCHAR},
      </if>
      <if test="createTime != null">
        CREATE_TIME = #{createTime,jdbcType=TIMESTAMP},
      </if>
      <if test="companyId != null">
        company_id = #{companyId,jdbcType=VARCHAR},
      </if>
      <if test="companyName != null">
        company_name = #{companyName,jdbcType=VARCHAR},
      </if>
    </set>
    where ID = #{id,jdbcType=VARCHAR}
  </update>
  <update id="updateByPrimaryKey" parameterType="com.gyhqq.domain.message.Product">
    <!--
      WARNING - @mbg.generated
      This element is automatically generated by MyBatis Generator, do not modify.
    -->
    update co_product
    set PRODUCT_NO = #{productNo,jdbcType=VARCHAR},
      PRODUCT_IMAGE = #{productImage,jdbcType=VARCHAR},
      DESCRIPTION = #{description,jdbcType=VARCHAR},
      FACTORY_ID = #{factoryId,jdbcType=VARCHAR},
      FACTORY_NAME = #{factoryName,jdbcType=VARCHAR},
      PRICE = #{price,jdbcType=DECIMAL},
      SIZE_LENGHT = #{sizeLenght,jdbcType=DECIMAL},
      SIZE_WIDTH = #{sizeWidth,jdbcType=DECIMAL},
      SIZE_HEIGHT = #{sizeHeight,jdbcType=DECIMAL},
      COLOR = #{color,jdbcType=VARCHAR},
      PACKING = #{packing,jdbcType=VARCHAR},
      PACKING_UNIT = #{packingUnit,jdbcType=VARCHAR},
      TYPE20 = #{type20,jdbcType=DECIMAL},
      TYPE40 = #{type40,jdbcType=DECIMAL},
      TYPE40HC = #{type40hc,jdbcType=DECIMAL},
      QTY = #{qty,jdbcType=INTEGER},
      CBM = #{cbm,jdbcType=DECIMAL},
      MPSIZE_LENGHT = #{mpsizeLenght,jdbcType=DECIMAL},
      MPSIZE_WIDTH = #{mpsizeWidth,jdbcType=DECIMAL},
      MPSIZE_HEIGHT = #{mpsizeHeight,jdbcType=DECIMAL},
      REMARK = #{remark,jdbcType=VARCHAR},
      INPUT_TIME = #{inputTime,jdbcType=TIMESTAMP},
      CREATE_BY = #{createBy,jdbcType=VARCHAR},
      CREATE_DEPT = #{createDept,jdbcType=VARCHAR},
      CREATE_TIME = #{createTime,jdbcType=TIMESTAMP},
      company_id = #{companyId,jdbcType=VARCHAR},
      company_name = #{companyName,jdbcType=VARCHAR}
    where ID = #{id,jdbcType=VARCHAR}
  </update>
</mapper>