<?xml version="1.0" encoding="UTF-8"?>
<beans xmlns="http://www.springframework.org/schema/beans"
        xmlns:xsi="http://www.w3.org/2001/XMLSchema-instance"
        xmlns:context="http://www.springframework.org/schema/context"
        xmlns:aop="http://www.springframework.org/schema/aop"
        xmlns:tx="http://www.springframework.org/schema/tx"
        xmlns:mvc="http://www.springframework.org/schema/mvc"
        xsi:schemaLocation="http://www.springframework.org/schema/beans
			    http://www.springframework.org/schema/beans/spring-beans.xsd
			    http://www.springframework.org/schema/context
			    http://www.springframework.org/schema/context/spring-context.xsd
			    http://www.springframework.org/schema/aop
			    http://www.springframework.org/schema/aop/spring-aop.xsd
			    http://www.springframework.org/schema/tx
			    http://www.springframework.org/schema/tx/spring-tx.xsd
			    http://www.springframework.org/schema/mvc
			    http://www.springframework.org/schema/mvc/spring-mvc.xsd">

    <!--注解包扫描-->
    <context:component-scan base-package="com.gyhqq.dao"></context:component-scan>

    <!--1.sqlSessionFactory-->
    <bean id="sqlSessionFactory" class="org.mybatis.spring.SqlSessionFactoryBean">
        <!--其实就是配置mybatis单独运行的配置文件sqlMapConfig.xml中的dataSource,用于取代sqlMapConfig.xml-->
        <property name="dataSource" ref="dataSource"/>
        <!--配置PageHelper插件-->
         <property name="plugins">
                 <array>
                     <!--PageHelper的分页插件对象-->
                     <bean class="com.github.pagehelper.PageInterceptor">
                         <property name="properties">
                             <value>
                                 <!--方言-->
                                 helperDialect=mysql
                             </value>
                         </property>
                     </bean>
                 </array>
         </property>
    </bean>

    <!--2.dataSource-->
    <context:property-placeholder location="classpath:jdbc.properties" ignore-unresolvable="true" />
    <bean id="dataSource" class="com.alibaba.druid.pool.DruidDataSource">
        <property name="driverClassName" value="${jdbc.driver}"/>
        <property name="url" value="${jdbc.url}"/>
        <property name="username" value="${jdbc.username}"/>
        <property name="password" value="${jdbc.password}"/>
    </bean>

    <!--3.mapperScannerConfigurer-->
    <bean id="mapperScannerConfigurer" class="org.mybatis.spring.mapper.MapperScannerConfigurer">
        <!--其实就是配置mybatis单独运行的配置文件sqlMapConfig.xml中的扫描包,用于取代sqlMapConfig.xml-->
        <property name="basePackage" value="com.gyhqq.dao" />
    </bean>
</beans>