<?xml version="1.0" encoding="UTF-8"?>
<!DOCTYPE hibernate-mapping PUBLIC 
    "-//Hibernate/Hibernate Mapping DTD 3.0//EN"
    "http://hibernate.sourceforge.net/hibernate-mapping-3.0.dtd">
<hibernate-mapping package="com.gyhqq.export.domain">
	<!-- 配置类的映射 -->
	<class name="ExportProduct" table="EXPORT_PRODUCT_C">
		<!-- 1.配置主键生成策略 -->
		<id name="id" column="EP_ID" type="string">
			<generator class="assigned"/>
		</id>
		
		<!-- 2.配置其他属性 -->
		<property name="exportProductId" column="EXPORT_PRODUCT_ID" type="string"/>
		<property name="exportId" column="EXPORT_ID" type="string"/>
		<property name="eid" column="EID" type="string"/>
		<property name="factoryId" column="FACTORY_ID" type="string"/>
		<property name="productNo" column="PRODUCT_NO" type="string"/>
		<property name="packingUnit" column="PACKING_UNIT" type="string"/>
		<property name="cnumber" column="CNUMBER" type="integer"/>
		<property name="boxNum" column="BOX_NUM" type="integer"/>
		<property name="grossWeight" column="GROSS_WEIGHT" type="double"/>
		<property name="netWeight" column="NET_WEIGHT" type="double"/>
		<property name="sizeLength" column="SIZE_LENGTH" type="double"/>
		<property name="sizeWidth" column="SIZE_WIDTH" type="double"/>
		<property name="sizeHeight" column="SIZE_HEIGHT" type="double"/>
		<property name="exPrice" column="EX_PRICE" type="double"/>
		<property name="price" column="PRICE" type="double"/>
		<property name="tax" column="TAX" type="double"/>
		<property name="orderNo" column="ORDER_NO" type="integer"/>
        
      <!--  <many-to-one name="export" class="Export" column="EID"></many-to-one> -->
	</class>

</hibernate-mapping>