<?xml version="1.0" encoding="UTF-8"?>
<beans xmlns="http://www.springframework.org/schema/beans"
    xmlns:xsi="http://www.w3.org/2001/XMLSchema-instance"
    xmlns:cxf="http://cxf.apache.org/core"
    xmlns:jaxws="http://cxf.apache.org/jaxws"
    xmlns:jaxrs="http://cxf.apache.org/jaxrs"
    xsi:schemaLocation="
        http://www.springframework.org/schema/beans 
        http://www.springframework.org/schema/beans/spring-beans.xsd
        http://cxf.apache.org/core
        http://cxf.apache.org/schemas/core.xsd
        http://cxf.apache.org/jaxws
        http://cxf.apache.org/schemas/jaxws.xsd
        http://cxf.apache.org/jaxrs
        http://cxf.apache.org/schemas/jaxrs.xsd">

	<bean id="epService" class="com.gyhqq.export.webservice.EpService">
	   <property name="exportService" ref="exportService"></property>
	   <property name="exportProductService" ref="exportProductService"></property>
	</bean>	
	
	<jaxrs:server address="/export">
	    <jaxrs:serviceBeans>
	        <ref bean="epService"/>
	    </jaxrs:serviceBeans>
	    <jaxrs:inInterceptors>
			<bean class="org.apache.cxf.interceptor.LoggingInInterceptor" />
		</jaxrs:inInterceptors>
		<jaxrs:outInterceptors>
			<bean class="org.apache.cxf.interceptor.LoggingOutInterceptor" />
		</jaxrs:outInterceptors>
	</jaxrs:server>
	
	
	<!-- <jaxws:server address="/export">
	    <jaxws:serviceBean >
	         <ref bean="epService" />
	    </jaxws:serviceBean>
	</jaxws:server> -->
	
	

</beans>